Respondent ID,Collector ID,Start Date,End Date,IP Address,Email Address,First Name,Last Name,Custom Data 1,What grade are you in?,,How did you got to school this morning? (Check all that apply),,,,,,,Who brought you to school this morning? (Check all that apply),,,,,Do you think walking and biking to school is? (Check all that apply,,,,,,Have you ever heard of the following? (Check all that apply),,,
,,,,,,,,,Response,Other (please specify),Walking,Car,Bus,Metro Rail (train),Bike,Scooter,Other (please specify),Parent/Grandparent,Neighbor,Friend/s,Came alone,Other (please specify),Fun,Healthy,Good for me,Scary,Tiring,Takes too long,"""Stop, look, listen""","""Always wear a helmet""","""Left, right left again""","""Scan, signal, scan"""
6950669569,173176001,10/18/2018 03:57:57 PM,10/18/2018 03:58:33 PM,74.62.204.86,,,,,5,,,,Bus,,,,,,,,,X,,,Good for me,,,,"""Stop, look, listen""","""Always wear a helmet""","""Left, right left again""",
6950669475,173176001,10/18/2018 03:57:29 PM,10/18/2018 03:57:52 PM,74.62.204.86,,,,,5,,,Car,,,,,,Parent/Grandparent,,,,,,,,,,Takes too long,,"""Always wear a helmet""",,
6950669358,173176001,10/18/2018 03:57:10 PM,10/18/2018 03:57:20 PM,74.62.204.86,,,,,5,,,Car,,,,,,Parent/Grandparent,,,,,Fun,,,,,,,"""Always wear a helmet""",,
6950669295,173176001,10/18/2018 03:56:49 PM,10/18/2018 03:57:05 PM,74.62.204.86,,,,,5,,,Car,,,,,,Parent/Grandparent,,,,,,Healthy,,,,,"""Stop, look, listen""",,,
6950669215,173176001,10/18/2018 03:56:30 PM,10/18/2018 03:56:43 PM,74.62.204.86,,,,,5,,,Car,,,,,,Parent/Grandparent,,,,,,Healthy,,,,,,,"""Left, right left again""",
6950669148,173176001,10/18/2018 03:56:09 PM,10/18/2018 03:56:25 PM,74.62.204.86,,,,,5,,Walking,,,,,,,Parent/Grandparent,,,,,Fun,,,,,,,,"""Left, right left again""",
6950668224,173176001,10/18/2018 03:51:56 PM,10/18/2018 03:52:13 PM,74.62.204.86,,,,,5,,,Car,,,,,,Parent/Grandparent,,,,,,Healthy,,,,,,,"""Left, right left again""",
6950668137,173176001,10/18/2018 03:51:32 PM,10/18/2018 03:51:51 PM,74.62.204.86,,,,,5,,,Car,,,,,,Parent/Grandparent,,,,,,Healthy,,,,,,"""Always wear a helmet""","""Left, right left again""",
6950667865,173176001,10/18/2018 03:50:21 PM,10/18/2018 03:50:36 PM,74.62.204.86,,,,,5,,Walking,,,,,,,Parent/Grandparent,,,,,,Healthy,,,,,"""Stop, look, listen""",,,
6950667784,173176001,10/18/2018 03:49:51 PM,10/18/2018 03:50:16 PM,74.62.204.86,,,,,5,,Walking,,,,,,,,,,,Brother,,,,,Tiring,,,"""Always wear a helmet""",,
6950667673,173176001,10/18/2018 03:49:27 PM,10/18/2018 03:49:42 PM,74.62.204.86,,,,,5,,Walking,,,,,,,,,,Came alone,,Fun,,,,,,,,"""Left, right left again""",
6950667606,173176001,10/18/2018 03:49:09 PM,10/18/2018 03:49:22 PM,74.62.204.86,,,,,5,,Walking,,,,,,,Parent/Grandparent,,,,,,,Good for me,,,,,"""Always wear a helmet""",,
6950667531,173176001,10/18/2018 03:48:51 PM,10/18/2018 03:49:05 PM,74.62.204.86,,,,,5,,,Car,,,,,,Parent/Grandparent,,,,,,Healthy,,,,,,"""Always wear a helmet""",,
6950667450,173176001,10/18/2018 03:48:20 PM,10/18/2018 03:48:44 PM,74.62.204.86,,,,,5,,,Car,,,,,,Parent/Grandparent,,,,,,,Good for me,,,,"""Stop, look, listen""","""Always wear a helmet""","""Left, right left again""",
6950667355,173176001,10/18/2018 03:48:02 PM,10/18/2018 03:48:15 PM,74.62.204.86,,,,,5,,,Car,,,,,,Parent/Grandparent,,,,,,,,Scary,,,,,"""Left, right left again""",
6950667273,173176001,10/18/2018 03:47:41 PM,10/18/2018 03:47:56 PM,74.62.204.86,,,,,5,,,Car,,,,,,Parent/Grandparent,,,,,,,Good for me,,,,,,,"""Scan, signal, scan"""
6950664873,173176001,10/18/2018 03:37:00 PM,10/18/2018 03:37:16 PM,74.62.204.86,,,,,5,,,Car,,,,,,Parent/Grandparent,,,,,,,Good for me,,,,,"""Always wear a helmet""",,"""Scan, signal, scan"""
6950664794,173176001,10/18/2018 03:36:39 PM,10/18/2018 03:36:54 PM,74.62.204.86,,,,,4,,,Car,,,,,,Parent/Grandparent,,,,,Fun,Healthy,,,,,,"""Always wear a helmet""","""Left, right left again""",
6950664686,173176001,10/18/2018 03:36:03 PM,10/18/2018 03:36:25 PM,74.62.204.86,,,,,5,,,Car,,,,,,Parent/Grandparent,,,,,Fun,,,,,,,,"""Left, right left again""",
6950664587,173176001,10/18/2018 03:35:43 PM,10/18/2018 03:35:58 PM,74.62.204.86,,,,,5,,,Car,,,,,,Parent/Grandparent,,,,,,Healthy,,,,,,,"""Left, right left again""",
6950664502,173176001,10/18/2018 03:35:23 PM,10/18/2018 03:35:38 PM,74.62.204.86,,,,,5,,,Car,,,,,,Parent/Grandparent,Neighbor,,,,,,,,,,,,"""Left, right left again""",
6950664429,173176001,10/18/2018 03:35:04 PM,10/18/2018 03:35:17 PM,74.62.204.86,,,,,5,,,Car,,,,,,Parent/Grandparent,,,,,,,,Scary,,,,"""Always wear a helmet""",,
6950664364,173176001,10/18/2018 03:34:37 PM,10/18/2018 03:34:59 PM,74.62.204.86,,,,,5,,,Car,,,,,,Parent/Grandparent,,,,,Fun,Healthy,Good for me,,,,"""Stop, look, listen""","""Always wear a helmet""","""Left, right left again""","""Scan, signal, scan"""
6950664248,173176001,10/18/2018 03:34:16 PM,10/18/2018 03:34:32 PM,74.62.204.86,,,,,5,,Walking,,,,,,,Parent/Grandparent,,,,,,Healthy,,,,,"""Stop, look, listen""",,,
6950664171,173176001,10/18/2018 03:33:49 PM,10/18/2018 03:34:11 PM,74.62.204.86,,,,,5,,Walking,,,,,,,Parent/Grandparent,,,,,,Healthy,,,,,,,"""Left, right left again""",
6950664072,173176001,10/18/2018 03:33:27 PM,10/18/2018 03:33:42 PM,74.62.204.86,,,,,5,,Walking,,,,,,,,,,Came alone,,Fun,,,,,,,,"""Left, right left again""",
6950663999,173176001,10/18/2018 03:33:04 PM,10/18/2018 03:33:21 PM,74.62.204.86,,,,,5,,,Car,,,,,,Parent/Grandparent,,,,,,Healthy,,,,,,"""Always wear a helmet""","""Left, right left again""",
6950663927,173176001,10/18/2018 03:32:43 PM,10/18/2018 03:32:59 PM,74.62.204.86,,,,,5,,,Car,,,,,,Parent/Grandparent,,,,,,Healthy,,,,,,,"""Left, right left again""",
6950663867,173176001,10/18/2018 03:32:24 PM,10/18/2018 03:32:38 PM,74.62.204.86,,,,,5,,Walking,,,,,,,Parent/Grandparent,,,,,,Healthy,,,,,,"""Always wear a helmet""",,
6950663796,173176001,10/18/2018 03:32:00 PM,10/18/2018 03:32:18 PM,74.62.204.86,,,,,5,,,Car,,,,,,Parent/Grandparent,,,,,,Healthy,,,,,"""Stop, look, listen""","""Always wear a helmet""","""Left, right left again""",
6950663707,173176001,10/18/2018 03:31:33 PM,10/18/2018 03:31:52 PM,74.62.204.86,,,,,4,,,Car,,,,,,Parent/Grandparent,,,,,Fun,Healthy,,,,,"""Stop, look, listen""","""Always wear a helmet""","""Left, right left again""",
6950663611,173176001,10/18/2018 03:31:03 PM,10/18/2018 03:31:25 PM,74.62.204.86,,,,,4,,,Car,,,,,,Parent/Grandparent,,,,,Fun,,,,,,,"""Always wear a helmet""",,
6950663493,173176001,10/18/2018 03:30:34 PM,10/18/2018 03:30:51 PM,74.62.204.86,,,,,5,,Walking,,,,,,,Parent/Grandparent,,,,,Fun,,,,,,,,"""Left, right left again""",
6950663405,173176001,10/18/2018 03:30:05 PM,10/18/2018 03:30:25 PM,74.62.204.86,,,,,5,,,Car,,,,,,Parent/Grandparent,,,,,Fun,Healthy,Good for me,Scary,,,,"""Always wear a helmet""","""Left, right left again""",
6950663316,173176001,10/18/2018 03:29:34 PM,10/18/2018 03:29:59 PM,74.62.204.86,,,,,5,,,Car,,,,,,Parent/Grandparent,,,,,,,,Scary,,,"""Stop, look, listen""","""Always wear a helmet""","""Left, right left again""","""Scan, signal, scan"""
6950663204,173176001,10/18/2018 03:29:08 PM,10/18/2018 03:29:28 PM,74.62.204.86,,,,,5,,,Car,,,,,,Parent/Grandparent,,,,,Fun,Healthy,,,,,,"""Always wear a helmet""","""Left, right left again""","""Scan, signal, scan"""
6950663104,173176001,10/18/2018 03:28:33 PM,10/18/2018 03:29:02 PM,74.62.204.86,,,,,5,,Walking,,,,,,,Parent/Grandparent,,,,,,,,,,Takes too long,,"""Always wear a helmet""","""Left, right left again""","""Scan, signal, scan"""
6950662969,173176001,10/18/2018 03:27:59 PM,10/18/2018 03:28:27 PM,74.62.204.86,,,,,4,,,,Bus,,,,,,,,,Bus driver,,,Good for me,,,,"""Stop, look, listen""","""Always wear a helmet""","""Left, right left again""","""Scan, signal, scan"""
6950661337,173176001,10/18/2018 11:15:33 AM,10/18/2018 03:20:26 PM,74.62.204.86,,,,,4,,,Car,,,,,,Parent/Grandparent,,,,,Fun,,,,,,"""Stop, look, listen""","""Always wear a helmet""","""Left, right left again""","""Scan, signal, scan"""
6950584221,173176001,10/18/2018 11:14:55 AM,10/18/2018 11:15:20 AM,74.62.204.86,,,,,5,,,Car,,,,,,Parent/Grandparent,,,,,Fun,,,,,,,"""Always wear a helmet""",,
6950583369,173176001,10/18/2018 11:09:21 AM,10/18/2018 11:13:00 AM,74.62.204.86,,,,,5,,Walking,,,,,,,Parent/Grandparent,,,,,,Healthy,,,,,"""Stop, look, listen""",,,
6931009749,173176001,08/21/2018 01:46:49 PM,08/21/2018 01:47:07 PM,142.129.227.79,,,,,4,,Walking,,,,,,,Parent/Grandparent,,,,,Fun,,,,,,,,,
6931009611,173176001,08/21/2018 01:46:25 PM,08/21/2018 01:46:42 PM,142.129.227.79,,,,,4,,,Car,,,,,,Parent/Grandparent,,,,,Fun,,,,,,,,,
6931009459,173176001,08/21/2018 01:45:39 PM,08/21/2018 01:46:19 PM,142.129.227.79,,,,,4,,Walking,,,,,,,Parent/Grandparent,,,,,,,Good for me,,,,,,,
6931009174,173176001,08/21/2018 01:45:11 PM,08/21/2018 01:45:32 PM,142.129.227.79,,,,,4,,,Car,,,,,,Parent/Grandparent,,,,,,Healthy,,,,,"""Stop, look, listen""",,,
6931009029,173176001,08/21/2018 01:44:51 PM,08/21/2018 01:45:06 PM,142.129.227.79,,,,,4,,Walking,,,,,,,Parent/Grandparent,,,,,,Healthy,,,,,,,,
6931008887,173176001,08/21/2018 01:44:26 PM,08/21/2018 01:44:45 PM,142.129.227.79,,,,,4,,Walking,,,,,,,Parent/Grandparent,,,,,,,,,,Takes too long,"""Stop, look, listen""",,,
6931008748,173176001,08/21/2018 01:44:06 PM,08/21/2018 01:44:20 PM,142.129.227.79,,,,,4,,,Car,,,,,,Parent/Grandparent,,,,,,Healthy,,,,,,,,
6931008596,173176001,08/21/2018 01:43:42 PM,08/21/2018 01:44:00 PM,142.129.227.79,,,,,4,,Walking,,,,,,,Parent/Grandparent,,,,,Fun,,,,,,,,,
6931008422,173176001,08/21/2018 01:43:15 PM,08/21/2018 01:43:35 PM,142.129.227.79,,,,,4,,,Car,,,,,,Parent/Grandparent,,,,,,,,Scary,,,,,,
6931008178,173176001,08/21/2018 01:42:41 PM,08/21/2018 01:43:00 PM,142.129.227.79,,,,,4,,,Car,,,,,,Parent/Grandparent,,,,,,,Good for me,,,,,,,
6931007706,173176001,08/21/2018 01:41:20 PM,08/21/2018 01:41:47 PM,142.129.227.79,,,,,4,,,Car,,,,,,Parent/Grandparent,,,,,,,,Scary,,,"""Stop, look, listen""",,,
6931007461,173176001,08/21/2018 01:40:44 PM,08/21/2018 01:41:13 PM,142.129.227.79,,,,,4,,Walking,,,,,,,Parent/Grandparent,,,,,,,Good for me,,,,,,,
6931007262,173176001,08/21/2018 01:39:58 PM,08/21/2018 01:40:36 PM,142.129.227.79,,,,,4,,,Car,,,,,,Parent/Grandparent,,,,,,Healthy,,Scary,,,"""Stop, look, listen""",,,
6931006941,173176001,08/21/2018 01:39:00 PM,08/21/2018 01:39:48 PM,142.129.227.79,,,,,4,,Walking,,,,,,,Parent/Grandparent,,,,,Fun,,,,,,,,"""Left, right left again""",
6820169921,173176001,04/11/2018 02:08:41 PM,04/11/2018 02:08:55 PM,74.62.204.86,,,,,6,,,Car,,,,,,Parent/Grandparent,,,,,,Healthy,,,,,"""Stop, look, listen""",,,
6820169090,173176001,04/11/2018 02:08:20 PM,04/11/2018 02:08:34 PM,74.62.204.86,,,,,6,,,Car,,,,,,Parent/Grandparent,,,,,,Healthy,,,,,"""Stop, look, listen""",,,
6820167810,173176001,04/11/2018 02:07:47 PM,04/11/2018 02:08:03 PM,74.62.204.86,,,,,6,,Walking,,,,,,,Parent/Grandparent,,,,,,Healthy,,,,,"""Stop, look, listen""",,,
6820166932,173176001,04/11/2018 02:07:23 PM,04/11/2018 02:07:42 PM,74.62.204.86,,,,,6,,,Car,,,,,,Parent/Grandparent,,,,,,Healthy,Good for me,,,,"""Stop, look, listen""",,"""Left, right left again""",
6820165917,173176001,04/11/2018 02:07:03 PM,04/11/2018 02:07:17 PM,74.62.204.86,,,,,6,,Walking,,,,,,,,,,Came alone,,,Healthy,,,,,"""Stop, look, listen""",,"""Left, right left again""","""Scan, signal, scan"""
6820165052,173176001,04/11/2018 02:06:16 PM,04/11/2018 02:06:56 PM,74.62.204.86,,,,,6,,Walking,Car,,,,,,Parent/Grandparent,,,,,,,,,,,,,,
6820163123,173176001,04/11/2018 02:05:46 PM,04/11/2018 02:06:10 PM,74.62.204.86,,,,,6,,Walking,,,,,,,,,,Came alone,,,Healthy,Good for me,,Tiring,,"""Stop, look, listen""",,,
6820162053,173176001,04/11/2018 02:05:24 PM,04/11/2018 02:05:43 PM,74.62.204.86,,,,,6,,,Car,,,,,,,,Friend/s,,,,Healthy,,,,,"""Stop, look, listen""",,,
6820161017,173176001,04/11/2018 02:05:05 PM,04/11/2018 02:05:19 PM,74.62.204.86,,,,,6,,,Car,,,,,,Parent/Grandparent,,,,,Fun,,,,,,"""Stop, look, listen""",,,
6820160162,173176001,04/11/2018 02:04:40 PM,04/11/2018 02:04:58 PM,74.62.204.86,,,,,6,,Walking,,,,,,,,,Friend/s,,,,Healthy,,,,,"""Stop, look, listen""",,,
6820159030,173176001,04/11/2018 02:04:10 PM,04/11/2018 02:04:33 PM,74.62.204.86,,,,,6,,Walking,,,,,,,Parent/Grandparent,,,,,,Healthy,,,,,,,,"""Scan, signal, scan"""
6820157942,173176001,04/11/2018 02:03:51 PM,04/11/2018 02:04:05 PM,74.62.204.86,,,,,6,,,Car,,,,,,Parent/Grandparent,,,,,,Healthy,,,,,"""Stop, look, listen""",,,
6820156936,173176001,04/11/2018 02:03:23 PM,04/11/2018 02:03:42 PM,74.62.204.86,,,,,6,,,Car,,,,,,Parent/Grandparent,,,,,,,Good for me,,,,"""Stop, look, listen""",,,
6820155853,173176001,04/11/2018 02:03:03 PM,04/11/2018 02:03:17 PM,74.62.204.86,,,,,6,,Walking,,,,,,,Parent/Grandparent,,,,,,Healthy,,,,,,,,
6820154997,173176001,04/11/2018 02:02:41 PM,04/11/2018 02:02:56 PM,74.62.204.86,,,,,6,,,Car,,,,,,Parent/Grandparent,,,,,,Healthy,,,,,"""Stop, look, listen""",,,
6820139188,173176001,04/11/2018 01:55:20 PM,04/11/2018 02:02:30 PM,74.62.204.86,,,,,6,,,Car,,,,,,Parent/Grandparent,,,,,,,Good for me,,,,"""Stop, look, listen""",,,
6820136116,173176001,04/11/2018 01:54:50 PM,04/11/2018 01:55:13 PM,74.62.204.86,,,,,6,,,Car,,,,,,Parent/Grandparent,,,,,Fun,,,,,,"""Stop, look, listen""",,,
6820131771,173176001,04/11/2018 01:53:05 PM,04/11/2018 01:53:31 PM,74.62.204.86,,,,,6,,,Car,,,,,,Parent/Grandparent,,,,,,Healthy,,,,,"""Stop, look, listen""",,,
6820130348,173176001,04/11/2018 01:52:23 PM,04/11/2018 01:52:58 PM,74.62.204.86,,,,,6,,Walking,,,,,,,,,,Came alone,,,Healthy,,,,,"""Stop, look, listen""",,,
6820128725,173176001,04/11/2018 01:52:00 PM,04/11/2018 01:52:18 PM,74.62.204.86,,,,,6,,Walking,,,,,,,Parent/Grandparent,,,,,Fun,,,,,,,,,"""Scan, signal, scan"""
6820127752,173176001,04/11/2018 01:51:33 PM,04/11/2018 01:51:54 PM,74.62.204.86,,,,,6,,Walking,Car,,,,,,Parent/Grandparent,,,,,Fun,Healthy,Good for me,,,,"""Stop, look, listen""",,,
6820126472,173176001,04/11/2018 01:51:01 PM,04/11/2018 01:51:24 PM,74.62.204.86,,,,,6,,Walking,,,,,,,Parent/Grandparent,,,,,,,,,,Takes too long,"""Stop, look, listen""",,,
6820124843,173176001,04/11/2018 01:50:26 PM,04/11/2018 01:50:57 PM,74.62.204.86,,,,,6,,Walking,,,,,,,,,,,cousin,,Healthy,,,,,"""Stop, look, listen""",,,
6820123663,173176001,04/11/2018 01:49:59 PM,04/11/2018 01:50:19 PM,74.62.204.86,,,,,6,,Walking,,,,,,,,,,Came alone,,,,Good for me,,,,"""Stop, look, listen""",,,
6820122459,173176001,04/11/2018 01:49:34 PM,04/11/2018 01:49:52 PM,74.62.204.86,,,,,6,,,Car,,,,,,Parent/Grandparent,,,,,Fun,,,,,,"""Stop, look, listen""",,,"""Scan, signal, scan"""
6820121502,173176001,04/11/2018 01:49:14 PM,04/11/2018 01:49:29 PM,74.62.204.86,,,,,6,,Walking,,,,,,,,,,Came alone,,,Healthy,,,,,"""Stop, look, listen""",,,
6820120587,173176001,04/11/2018 01:48:42 PM,04/11/2018 01:49:07 PM,74.62.204.86,,,,,6,,Walking,,,,,,,Parent/Grandparent,,,,,,Healthy,,,,,"""Stop, look, listen""",,,
6820119108,173176001,04/11/2018 01:48:13 PM,04/11/2018 01:48:30 PM,74.62.204.86,,,,,6,,,Car,,,,,,Parent/Grandparent,,,,,,,Good for me,,,,"""Stop, look, listen""",,,
6820118007,173176001,04/11/2018 01:47:45 PM,04/11/2018 01:48:05 PM,74.62.204.86,,,,,6,,,Car,,,,,,Parent/Grandparent,,,,,Fun,,,,,,"""Stop, look, listen""",,,"""Scan, signal, scan"""
6820116905,173176001,04/11/2018 01:47:22 PM,04/11/2018 01:47:39 PM,74.62.204.86,,,,,6,,,Car,,,,,,Parent/Grandparent,,,,,Fun,,,,,,"""Stop, look, listen""",,,
6820115947,173176001,04/11/2018 01:47:00 PM,04/11/2018 01:47:15 PM,74.62.204.86,,,,,6,,,Car,,,,,,Parent/Grandparent,,,,,Fun,,,,,,"""Stop, look, listen""",,,
6820114957,173176001,04/11/2018 01:46:36 PM,04/11/2018 01:46:52 PM,74.62.204.86,,,,,6,,,Car,,,,,,Parent/Grandparent,,,,,,,Good for me,,,,"""Stop, look, listen""",,,
6820113712,173176001,04/11/2018 01:46:05 PM,04/11/2018 01:46:24 PM,74.62.204.86,,,,,6,,,Car,,,,,,Parent/Grandparent,,,,,Fun,Healthy,Good for me,,,,"""Stop, look, listen""",,,
6820112739,173176001,04/11/2018 01:45:38 PM,04/11/2018 01:46:00 PM,74.62.204.86,,,,,6,,,Car,,,,,,Parent/Grandparent,,,,,,Healthy,,,,,"""Stop, look, listen""",,,"""Scan, signal, scan"""
6820111613,173176001,04/11/2018 01:45:11 PM,04/11/2018 01:45:33 PM,74.62.204.86,,,,,6,,,Car,,,,,,Parent/Grandparent,,,,,,Healthy,Good for me,Scary,,,,,,"""Scan, signal, scan"""
6820110530,173176001,04/11/2018 01:44:45 PM,04/11/2018 01:45:06 PM,74.62.204.86,,,,,6,,,Car,,,,,,Parent/Grandparent,,,,,,Healthy,,Scary,,,"""Stop, look, listen""",,,"""Scan, signal, scan"""
6820109546,173176001,04/11/2018 01:44:16 PM,04/11/2018 01:44:43 PM,74.62.204.86,,,,,6,,,Car,,,,,,Parent/Grandparent,,,,,,Healthy,Good for me,Scary,Tiring,,"""Stop, look, listen""",,,
6820108215,173176001,04/11/2018 01:43:46 PM,04/11/2018 01:44:10 PM,74.62.204.86,,,,,6,,,Car,,,,,,Parent/Grandparent,,,,,Fun,Healthy,,,,,"""Stop, look, listen""",,"""Left, right left again""","""Scan, signal, scan"""
6820106971,173176001,04/11/2018 01:43:23 PM,04/11/2018 01:43:40 PM,74.62.204.86,,,,,6,,,Car,,,,,,Parent/Grandparent,,,,,Fun,,,,,,"""Stop, look, listen""",,,
6820106086,173176001,04/11/2018 01:42:52 PM,04/11/2018 01:43:18 PM,74.62.204.86,,,,,6,,Walking,Car,,,,,,Parent/Grandparent,,,,,,Healthy,Good for me,,,,"""Stop, look, listen""",,"""Left, right left again""",
6820104666,173176001,04/11/2018 01:42:06 PM,04/11/2018 01:42:45 PM,74.62.204.86,,,,,6,,Walking,,,,,,,,,Friend/s,,,,Healthy,,,,,"""Stop, look, listen""",,,
6820102777,173176001,04/11/2018 01:41:33 PM,04/11/2018 01:42:00 PM,74.62.204.86,,,,,6,,,Car,,,,,,Parent/Grandparent,,,,,,Healthy,,,,,"""Stop, look, listen""",,,
6820101484,173176001,04/11/2018 01:41:08 PM,04/11/2018 01:41:28 PM,74.62.204.86,,,,,6,,,Car,,,,,,Parent/Grandparent,,,,,,,Good for me,,,,"""Stop, look, listen""",,,
6820100385,173176001,04/11/2018 01:40:39 PM,04/11/2018 01:41:01 PM,74.62.204.86,,,,,6,,,Car,,,,,,Parent/Grandparent,,,,,,Healthy,,,,,"""Stop, look, listen""",,,"""Scan, signal, scan"""
6820099323,173176001,04/11/2018 01:40:11 PM,04/11/2018 01:40:37 PM,74.62.204.86,,,,,6,,Walking,,,,,,,Parent/Grandparent,,,Came alone,,Fun,,Good for me,,,,"""Stop, look, listen""",,,
6820097953,173176001,04/11/2018 01:39:41 PM,04/11/2018 01:40:03 PM,74.62.204.86,,,,,6,,,Car,,,,,,Parent/Grandparent,,,,,Fun,Healthy,Good for me,,,,"""Stop, look, listen""",,,"""Scan, signal, scan"""
6820096738,173176001,04/11/2018 01:39:14 PM,04/11/2018 01:39:34 PM,74.62.204.86,,,,,6,,,Car,,,,,,Parent/Grandparent,,,,,Fun,Healthy,Good for me,,,,"""Stop, look, listen""",,,
6820095573,173176001,04/11/2018 01:38:43 PM,04/11/2018 01:39:07 PM,74.62.204.86,,,,,6,,,Car,,,,,,Parent/Grandparent,,,,,,Healthy,,,,,"""Stop, look, listen""",,,
6820094358,173176001,04/11/2018 01:38:18 PM,04/11/2018 01:38:38 PM,74.62.204.86,,,,,6,,,Car,,,,,,Parent/Grandparent,,,,,Fun,Healthy,Good for me,,,,"""Stop, look, listen""",,,
6820093201,173176001,04/11/2018 01:37:48 PM,04/11/2018 01:38:10 PM,74.62.204.86,,,,,6,,Walking,,,,,,,Parent/Grandparent,,,,,,Healthy,Good for me,,,,"""Stop, look, listen""",,,
6820091986,173176001,04/11/2018 01:37:08 PM,04/11/2018 01:37:43 PM,74.62.204.86,,,,,6,,,,,,,,not specified,Parent/Grandparent,,,,,Fun,,,,,,,,,"""Scan, signal, scan"""
6820089424,173176001,04/11/2018 01:36:23 PM,04/11/2018 01:36:46 PM,74.62.204.86,,,,,6,,,Car,,,,,,Parent/Grandparent,,,,,Fun,Healthy,,,,,"""Stop, look, listen""",,,
6820087989,173176001,04/11/2018 01:35:22 PM,04/11/2018 01:36:14 PM,74.62.204.86,,,,,6,,Walking,,,,,,,Parent/Grandparent,,,,,,,Good for me,,,,"""Stop, look, listen""",,,
6820085523,173176001,04/11/2018 01:35:04 PM,04/11/2018 01:35:20 PM,74.62.204.86,,,,,6,,,Car,,,,,,Parent/Grandparent,,,,,Fun,,,,,,,,"""Left, right left again""",
6820084495,173176001,04/11/2018 01:34:41 PM,04/11/2018 01:34:55 PM,74.62.204.86,,,,,6,,,Car,,,,,,Parent/Grandparent,,,,,Fun,,,,,,"""Stop, look, listen""",,,
6820083484,173176001,04/11/2018 01:34:16 PM,04/11/2018 01:34:32 PM,74.62.204.86,,,,,6,,,Car,,,,,,Parent/Grandparent,,,,,Fun,,,,,,,,,"""Scan, signal, scan"""
6820082543,173176001,04/11/2018 01:33:49 PM,04/11/2018 01:34:10 PM,74.62.204.86,,,,,6,,,Car,,,,,,Parent/Grandparent,,,,,Fun,Healthy,,,Tiring,,"""Stop, look, listen""","""Always wear a helmet""",,"""Scan, signal, scan"""
6820081158,173176001,04/11/2018 01:33:18 PM,04/11/2018 01:33:38 PM,74.62.204.86,,,,,6,,,Car,,,,,,Parent/Grandparent,,,,,,,,,Tiring,Takes too long,"""Stop, look, listen""",,,
6820079994,173176001,04/11/2018 01:32:53 PM,04/11/2018 01:33:10 PM,74.62.204.86,,,,,6,,,Car,,,,,,Parent/Grandparent,,,,,,Healthy,,,,,"""Stop, look, listen""",,,"""Scan, signal, scan"""
6820078886,173176001,04/11/2018 01:32:28 PM,04/11/2018 01:32:46 PM,74.62.204.86,,,,,6,,,Car,,,,,,Parent/Grandparent,,,,,Fun,,,Scary,,Takes too long,,,,
6820077725,173176001,04/11/2018 01:32:05 PM,04/11/2018 01:32:22 PM,74.62.204.86,,,,,3,,,Car,,,,,,Parent/Grandparent,,,,,,,Good for me,,,,"""Stop, look, listen""",,,
6820076621,173176001,04/11/2018 01:31:43 PM,04/11/2018 01:31:57 PM,74.62.204.86,,,,,3,,,Car,,,,,,Parent/Grandparent,,,,,Fun,,,,,,"""Stop, look, listen""",,,
6820074697,173176001,04/11/2018 01:30:57 PM,04/11/2018 01:31:38 PM,74.62.204.86,,,,,3,,,,,,,,not specified,Parent/Grandparent,,,,,,Healthy,,,,,"""Stop, look, listen""",,,
6820073383,173176001,04/11/2018 01:30:25 PM,04/11/2018 01:30:42 PM,74.62.204.86,,,,,3,,,Car,,,,,,Parent/Grandparent,,,,,,,,,,,,,,
6820072274,173176001,04/11/2018 01:30:02 PM,04/11/2018 01:30:18 PM,74.62.204.86,,,,,3,,,Car,,,,,,Parent/Grandparent,,,,,,,,Scary,,,"""Stop, look, listen""",,,
6820071440,173176001,04/11/2018 01:29:30 PM,04/11/2018 01:29:59 PM,74.62.204.86,,,,,3,,,Car,,,,,,Parent/Grandparent,,,,,,Healthy,,,,,"""Stop, look, listen""",,,
6820069813,173176001,04/11/2018 01:28:59 PM,04/11/2018 01:29:22 PM,74.62.204.86,,,,,3,,Walking,Car,,,,,,Parent/Grandparent,,,,,,,Good for me,,,,,,,
6820068310,173176001,04/11/2018 01:28:34 PM,04/11/2018 01:28:49 PM,74.62.204.86,,,,,3,,,Car,,,,,,Parent/Grandparent,,,,,,Healthy,,,,,"""Stop, look, listen""",,,
6820067419,173176001,04/11/2018 01:28:07 PM,04/11/2018 01:28:27 PM,74.62.204.86,,,,,3,,,Car,,,,,,Parent/Grandparent,,,,,,,Good for me,,,,"""Stop, look, listen""",,,
6820066337,173176001,04/11/2018 01:27:46 PM,04/11/2018 01:28:01 PM,74.62.204.86,,,,,3,,,Car,,,,,,Parent/Grandparent,,,,,,,,,,Takes too long,"""Stop, look, listen""",,,
6820064554,173176001,04/11/2018 01:27:06 PM,04/11/2018 01:27:20 PM,74.62.204.86,,,,,3,,,Car,,,,,,Parent/Grandparent,,,,,Fun,,,,,,,,,
6820063325,173176001,04/11/2018 01:26:34 PM,04/11/2018 01:26:52 PM,74.62.204.86,,,,,3,,,Car,,,,,,Parent/Grandparent,,,,,,Healthy,,,,,"""Stop, look, listen""",,,
6820061659,173176001,04/11/2018 01:25:14 PM,04/11/2018 01:26:15 PM,74.62.204.86,,,,,3,,,Car,,,,,,Parent/Grandparent,,,,,Fun,Healthy,,Scary,,,"""Stop, look, listen""",,,
6820057650,173176001,04/11/2018 01:24:28 PM,04/11/2018 01:24:46 PM,74.62.204.86,,,,,3,,,Car,,,,,,Parent/Grandparent,,,,,,Healthy,,,,,,,,"""Scan, signal, scan"""
6820056402,173176001,04/11/2018 01:23:59 PM,04/11/2018 01:24:19 PM,74.62.204.86,,,,,3,,,Car,,,,,,Parent/Grandparent,,,,,,Healthy,,,,,"""Stop, look, listen""",,,
6820055337,173176001,04/11/2018 01:23:37 PM,04/11/2018 01:23:55 PM,74.62.204.86,,,,,3,,,Car,,,,,,,Neighbor,,,,Fun,,,,,,"""Stop, look, listen""",,,
6820054131,173176001,04/11/2018 01:22:44 PM,04/11/2018 01:23:27 PM,74.62.204.86,,,,,3,,,Car,,,,,,Parent/Grandparent,,,,,,Healthy,,,,,"""Stop, look, listen""",,,
6820051658,173176001,04/11/2018 01:22:17 PM,04/11/2018 01:22:33 PM,74.62.204.86,,,,,3,,,Car,,,,,,Parent/Grandparent,,,,,Fun,,,,,,,,,
6820050692,173176001,04/11/2018 01:21:54 PM,04/11/2018 01:22:11 PM,74.62.204.86,,,,,3,,,Car,,,,,,Parent/Grandparent,,,,,,Healthy,Good for me,,,,,,"""Left, right left again""",
6820048833,173176001,04/11/2018 01:21:10 PM,04/11/2018 01:21:30 PM,74.62.204.86,,,,,3,,,Car,,,,,,Parent/Grandparent,,,,,,Healthy,,,,,,,"""Left, right left again""",
6820047541,173176001,04/11/2018 01:20:44 PM,04/11/2018 01:21:01 PM,74.62.204.86,,,,,3,,Walking,,,,,,,,,,Came alone,,Fun,,,,,,,,,"""Scan, signal, scan"""
6820038070,173176001,04/11/2018 01:17:10 PM,04/11/2018 01:17:29 PM,74.62.204.86,,,,,3,,,Car,,,,,,Parent/Grandparent,,,,,,Healthy,,,,,,"""Always wear a helmet""",,
6820036979,173176001,04/11/2018 01:16:45 PM,04/11/2018 01:17:04 PM,74.62.204.86,,,,,3,,,Car,,,,,,Parent/Grandparent,,,,,,Healthy,,,,,,"""Always wear a helmet""",,"""Scan, signal, scan"""
6820035116,173176001,04/11/2018 01:16:07 PM,04/11/2018 01:16:24 PM,74.62.204.86,,,,,5,,,Car,,,,,,Parent/Grandparent,,,,,Fun,,,,,,"""Stop, look, listen""",,,
6820034086,173176001,04/11/2018 01:15:40 PM,04/11/2018 01:16:01 PM,74.62.204.86,,,,,5,,,Car,,,,,,Parent/Grandparent,,,,,,Healthy,,,,,"""Stop, look, listen""",,,
6820032885,173176001,04/11/2018 01:15:12 PM,04/11/2018 01:15:35 PM,74.62.204.86,,,,,5,,,Car,,,,,,Parent/Grandparent,,,,,,,Good for me,,,,"""Stop, look, listen""",,,
6820031476,173176001,04/11/2018 01:14:43 PM,04/11/2018 01:15:04 PM,74.62.204.86,,,,,5,,,Car,,,,,,Parent/Grandparent,,,,,Fun,,,,,,"""Stop, look, listen""",,,
6820030369,173176001,04/11/2018 01:14:15 PM,04/11/2018 01:14:40 PM,74.62.204.86,,,,,5,,,Car,,,,,,Parent/Grandparent,,,,,,,Good for me,,,Takes too long,"""Stop, look, listen""",,,"""Scan, signal, scan"""
6820028773,173176001,04/11/2018 01:13:41 PM,04/11/2018 01:14:05 PM,74.62.204.86,,,,,5,,,Car,,,,,,,,,,stepdad,Fun,,,,,,"""Stop, look, listen""",,,
6820027320,173176001,04/11/2018 01:13:17 PM,04/11/2018 01:13:33 PM,74.62.204.86,,,,,5,,,Car,,,,,,Parent/Grandparent,,,,,,Healthy,,,,,"""Stop, look, listen""",,,
6820026321,173176001,04/11/2018 01:12:50 PM,04/11/2018 01:13:10 PM,74.62.204.86,,,,,5,,Walking,,,,,,,Parent/Grandparent,,,,,Fun,Healthy,Good for me,,,,,,,"""Scan, signal, scan"""
6820025099,173176001,04/11/2018 01:11:43 PM,04/11/2018 01:12:44 PM,74.62.204.86,,,,,5,,,Car,,,,,,,,,,not specified,Fun,,,,,,"""Stop, look, listen""",,,
6820021942,173176001,04/11/2018 01:11:21 PM,04/11/2018 01:11:38 PM,74.62.204.86,,,,,5,,,Car,,,,,,Parent/Grandparent,,,,,,Healthy,,,,,"""Stop, look, listen""",,,
6820020966,173176001,04/11/2018 01:10:59 PM,04/11/2018 01:11:16 PM,74.62.204.86,,,,,5,,,Car,,,,,,Parent/Grandparent,,,,,,,Good for me,,,,"""Stop, look, listen""",,,
6820019964,173176001,04/11/2018 01:10:28 PM,04/11/2018 01:10:55 PM,74.62.204.86,,,,,5,,,Car,,,,,,Parent/Grandparent,,,,,Fun,,,,Tiring,,"""Stop, look, listen""",,,
6820017669,173176001,04/11/2018 01:09:42 PM,04/11/2018 01:10:05 PM,74.62.204.86,,,,,5,,,Car,,,,,,Parent/Grandparent,,,,,,,,,Tiring,,,,,"""Scan, signal, scan"""
6820016386,173176001,04/11/2018 01:09:19 PM,04/11/2018 01:09:37 PM,74.62.204.86,,,,,5,,Walking,,,,,,,Parent/Grandparent,,,,,Fun,,,,,,"""Stop, look, listen""",,,
6820015346,173176001,04/11/2018 01:08:56 PM,04/11/2018 01:09:15 PM,74.62.204.86,,,,,5,,,,,,Bike,,,,,,Came alone,,,,Good for me,,,,,,,"""Scan, signal, scan"""
6820014259,173176001,04/11/2018 01:08:32 PM,04/11/2018 01:08:51 PM,74.62.204.86,,,,,5,,Walking,,,,,,,Parent/Grandparent,,,,,Fun,Healthy,Good for me,,,,"""Stop, look, listen""",,,
6820013145,173176001,04/11/2018 01:08:13 PM,04/11/2018 01:08:27 PM,74.62.204.86,,,,,5,,,Car,,,,,,Parent/Grandparent,,,,,,Healthy,,,,,"""Stop, look, listen""",,,
6820012205,173176001,04/11/2018 01:07:45 PM,04/11/2018 01:08:07 PM,74.62.204.86,,,,,5,,,Car,,,,,,Parent/Grandparent,,,,,,,,Scary,,,"""Stop, look, listen""",,,
6820010901,173176001,04/11/2018 01:07:23 PM,04/11/2018 01:07:40 PM,74.62.204.86,,,,,5,,,Car,,,,,,Parent/Grandparent,,,,,,Healthy,,,,,"""Stop, look, listen""",,,
6820009905,173176001,04/11/2018 01:07:02 PM,04/11/2018 01:07:18 PM,74.62.204.86,,,,,5,,,Car,,,,,,Parent/Grandparent,,,,,,,,,,Takes too long,"""Stop, look, listen""",,,
6820008994,173176001,04/11/2018 01:06:38 PM,04/11/2018 01:06:58 PM,74.62.204.86,,,,,5,,,Car,,,,,,Parent/Grandparent,,,,,,Healthy,,,,,"""Stop, look, listen""",,,
6820007935,173176001,04/11/2018 01:06:19 PM,04/11/2018 01:06:35 PM,74.62.204.86,,,,,5,,,Car,,,,,,Parent/Grandparent,,,,,,,Good for me,,,,"""Stop, look, listen""",,,
6820007060,173176001,04/11/2018 01:05:56 PM,04/11/2018 01:06:15 PM,74.62.204.86,,,,,5,,Walking,,,,,,,,Neighbor,,,,,,,,Tiring,,,,,"""Scan, signal, scan"""
6820005932,173176001,04/11/2018 01:05:27 PM,04/11/2018 01:05:50 PM,74.62.204.86,,,,,5,,,Car,,,,,,Parent/Grandparent,,,,,Fun,Healthy,Good for me,,,,"""Stop, look, listen""",,,
6820003456,173176001,04/11/2018 01:04:35 PM,04/11/2018 01:04:58 PM,74.62.204.86,,,,,5,,,Car,,,,,,Parent/Grandparent,,,,,Fun,,,,,,"""Stop, look, listen""",,,
6820002207,173176001,04/11/2018 01:04:02 PM,04/11/2018 01:04:31 PM,74.62.204.86,,,,,5,,Walking,,,,,,,Parent/Grandparent,,,,,,Healthy,,,,,"""Stop, look, listen""",,,
6820000497,173176001,04/11/2018 01:03:36 PM,04/11/2018 01:03:54 PM,74.62.204.86,,,,,3,,,Car,,,,,,Parent/Grandparent,,,,,,Healthy,,,,,"""Stop, look, listen""",,,
6819999270,173176001,04/11/2018 01:03:06 PM,04/11/2018 01:03:26 PM,74.62.204.86,,,,,3,,,Car,,,,,,Parent/Grandparent,,,,,,Healthy,,,,,"""Stop, look, listen""",,,
6819998036,173176001,04/11/2018 01:02:24 PM,04/11/2018 01:03:00 PM,74.62.204.86,,,,,3,,,Car,,,,,,Parent/Grandparent,,,,,,,,,,,"""Stop, look, listen""",,,
6819995835,173176001,04/11/2018 01:01:52 PM,04/11/2018 01:02:15 PM,74.62.204.86,,,,,5,,Walking,,,,,,,,,,Came alone,,,,,Scary,,,"""Stop, look, listen""",,,
6819994516,173176001,04/11/2018 01:01:24 PM,04/11/2018 01:01:47 PM,74.62.204.86,,,,,4,,,Car,,,,,,Parent/Grandparent,,,,,Fun,Healthy,Good for me,,,,"""Stop, look, listen""",,,
6819993188,173176001,04/11/2018 01:00:55 PM,04/11/2018 01:01:19 PM,74.62.204.86,,,,,4,,,Car,,,,,,Parent/Grandparent,,,,,Fun,,,,,,"""Stop, look, listen""",,,
6819991803,173176001,04/11/2018 01:00:27 PM,04/11/2018 01:00:48 PM,74.62.204.86,,,,,4,,,Car,,,,,,Parent/Grandparent,,,,,,Healthy,,,,,"""Stop, look, listen""",,,
6819990549,173176001,04/11/2018 01:00:03 PM,04/11/2018 01:00:21 PM,74.62.204.86,,,,,4,,,Car,,,,,,Parent/Grandparent,,,,,,Healthy,,,,,,,"""Left, right left again""",
6819989548,173176001,04/11/2018 12:59:29 PM,04/11/2018 12:59:57 PM,74.62.204.86,,,,,4,,,Car,,,,,,Parent/Grandparent,,,,,,Healthy,,,,,"""Stop, look, listen""",,,
6819987908,173176001,04/11/2018 12:58:50 PM,04/11/2018 12:59:23 PM,74.62.204.86,,,,,4,,Walking,,,,,,,,,,,brother,Fun,Healthy,,,,,,,,"""Scan, signal, scan"""
6819986090,173176001,04/11/2018 12:58:25 PM,04/11/2018 12:58:45 PM,74.62.204.86,,,,,4,,Walking,,,,,,,Parent/Grandparent,,,,,,Healthy,,,,,"""Stop, look, listen""",,,
6819984905,173176001,04/11/2018 12:57:54 PM,04/11/2018 12:58:20 PM,74.62.204.86,,,,,4,,Walking,,,,,,,Parent/Grandparent,,,,,Fun,Healthy,Good for me,,,,"""Stop, look, listen""",,"""Left, right left again""","""Scan, signal, scan"""
6819983432,173176001,04/11/2018 12:57:17 PM,04/11/2018 12:57:48 PM,74.62.204.86,,,,,4,,Walking,,,,,,,Parent/Grandparent,,,,,,Healthy,Good for me,,,,"""Stop, look, listen""",,,"""Scan, signal, scan"""
6819981630,173176001,04/11/2018 12:56:53 PM,04/11/2018 12:57:10 PM,74.62.204.86,,,,,4,,,Car,,,,,,Parent/Grandparent,,,,,Fun,,,,,,,,,
6819980476,173176001,04/11/2018 12:56:16 PM,04/11/2018 12:56:46 PM,74.62.204.86,,,,,4,,Walking,,,,,,,Parent/Grandparent,,,,,Fun,Healthy,,Scary,Tiring,,"""Stop, look, listen""",,,"""Scan, signal, scan"""
6819978773,173176001,04/11/2018 12:55:52 PM,04/11/2018 12:56:10 PM,74.62.204.86,,,,,4,,,Car,,,,,,Parent/Grandparent,,,,,,,Good for me,,,,,,,"""Scan, signal, scan"""
6819977746,173176001,04/11/2018 12:55:30 PM,04/11/2018 12:55:47 PM,74.62.204.86,,,,,4,,,Car,,,,,,Parent/Grandparent,,,,,,,,,,Takes too long,"""Stop, look, listen""",,,
6819976674,173176001,04/11/2018 12:55:08 PM,04/11/2018 12:55:24 PM,74.62.204.86,,,,,4,,,Car,,,,,,Parent/Grandparent,,,,,,Healthy,,,,,"""Stop, look, listen""",,,
6819975814,173176001,04/11/2018 12:54:09 PM,04/11/2018 12:55:05 PM,74.62.204.86,,,,,4,,,Car,,,,,,Parent/Grandparent,,,,,Fun,,,,,,"""Stop, look, listen""",,,
6819972931,173176001,04/11/2018 12:53:26 PM,04/11/2018 12:54:03 PM,74.62.204.86,,,,,4,,Walking,,,,,,,,,,Came alone,,,Healthy,,,Tiring,Takes too long,"""Stop, look, listen""",,,"""Scan, signal, scan"""
6819970884,173176001,04/11/2018 12:52:54 PM,04/11/2018 12:53:18 PM,74.62.204.86,,,,,4,,,Car,,,,,,Parent/Grandparent,,,,,Fun,,,,Tiring,,"""Stop, look, listen""",,,
6819969526,173176001,04/11/2018 12:52:26 PM,04/11/2018 12:52:49 PM,74.62.204.86,,,,,4,,,Car,,,,,,Parent/Grandparent,,,,,,Healthy,Good for me,,,,"""Stop, look, listen""",,,
6819968188,173176001,04/11/2018 12:51:49 PM,04/11/2018 12:52:20 PM,74.62.204.86,,,,,4,,,Car,,,,,,Parent/Grandparent,,,,,Fun,Healthy,Good for me,,,,"""Stop, look, listen""",,,"""Scan, signal, scan"""
6819966468,173176001,04/11/2018 12:51:25 PM,04/11/2018 12:51:44 PM,74.62.204.86,,,,,4,,,Car,,,,,,Parent/Grandparent,,,,,,,,,,Takes too long,"""Stop, look, listen""",,,"""Scan, signal, scan"""
6819965109,173176001,04/11/2018 12:50:57 PM,04/11/2018 12:51:15 PM,74.62.204.86,,,,,4,,,Car,,,,,,Parent/Grandparent,,,,,,,Good for me,,,,"""Stop, look, listen""",,,
6819963829,173176001,04/11/2018 12:50:24 PM,04/11/2018 12:50:49 PM,74.62.204.86,,,,,4,,Walking,Car,,,,,,Parent/Grandparent,,,,,Fun,Healthy,,,,,,"""Always wear a helmet""",,
6819962180,173176001,04/11/2018 12:49:51 PM,04/11/2018 12:50:13 PM,74.62.204.86,,,,,4,,Walking,,,,,,,,,,Came alone,,Fun,Healthy,Good for me,,,,"""Stop, look, listen""",,,
6819960818,173176001,04/11/2018 12:49:23 PM,04/11/2018 12:49:44 PM,74.62.204.86,,,,,4,,,Car,,,,,,Parent/Grandparent,,,,,,Healthy,,,,,"""Stop, look, listen""",,,
6819959565,173176001,04/11/2018 12:48:48 PM,04/11/2018 12:49:16 PM,74.62.204.86,,,,,4,,Walking,,,,,,,,,,Came alone,,,Healthy,,,,,,"""Always wear a helmet""",,
6819957992,173176001,04/11/2018 12:48:13 PM,04/11/2018 12:48:42 PM,74.62.204.86,,,,,4,,,Car,,,,,,Parent/Grandparent,,,,,Fun,,,,,,"""Stop, look, listen""",,,
6819956166,173176001,04/11/2018 12:47:39 PM,04/11/2018 12:48:05 PM,74.62.204.86,,,,,4,,,Car,,,,,,Parent/Grandparent,,,,,,Healthy,,,,,"""Stop, look, listen""",,,
6819952176,173176001,04/11/2018 12:46:11 PM,04/11/2018 12:46:42 PM,74.62.204.86,,,,,4,,,Car,,,,,,Parent/Grandparent,,,,,Fun,,,,,,"""Stop, look, listen""",,,
6819950641,173176001,04/11/2018 12:45:47 PM,04/11/2018 12:46:09 PM,74.62.204.86,,,,,4,,Walking,,,,,,,,,,Came alone,,Fun,,,,,,"""Stop, look, listen""",,,
6819949236,173176001,04/11/2018 12:45:10 PM,04/11/2018 12:45:39 PM,74.62.204.86,,,,,3,,,Car,,,,,,Parent/Grandparent,,,,,,,Good for me,,,,,,,
6819947519,173176001,04/11/2018 12:44:33 PM,04/11/2018 12:45:02 PM,74.62.204.86,,,,,3,,,Car,,,,,,Parent/Grandparent,,,,,,,Good for me,,,,"""Stop, look, listen""",,,
6819943625,173176001,04/11/2018 12:43:16 PM,04/11/2018 12:44:25 PM,74.62.204.86,,,,,Other (please specify),not specified,,Car,,,,,,Parent/Grandparent,,,,,,,Good for me,,,,,"""Always wear a helmet""",,
6819941964,173176001,04/11/2018 12:42:42 PM,04/11/2018 12:43:05 PM,74.62.204.86,,,,,3,,,Car,,,,,,Parent/Grandparent,,,,,Fun,,,,,,,"""Always wear a helmet""",,
6819940591,173176001,04/11/2018 12:42:13 PM,04/11/2018 12:42:35 PM,74.62.204.86,,,,,3,,,Car,,,,,,Parent/Grandparent,,,,,,,,,,Takes too long,"""Stop, look, listen""",,,
6819938953,173176001,04/11/2018 12:41:31 PM,04/11/2018 12:42:00 PM,74.62.204.86,,,,,3,,,,Bus,,,,,Parent/Grandparent,,,,,Fun,,,,,,,,"""Left, right left again""",
6819937451,173176001,04/11/2018 12:41:06 PM,04/11/2018 12:41:28 PM,74.62.204.86,,,,,3,,,Car,,,,,,Parent/Grandparent,,,,,,Healthy,,,,,"""Stop, look, listen""",,,
6819935948,173176001,04/11/2018 12:40:36 PM,04/11/2018 12:40:57 PM,74.62.204.86,,,,,3,,,Car,,,,,,Parent/Grandparent,,,,,,,,,,Takes too long,"""Stop, look, listen""",,,
6819934629,173176001,04/11/2018 12:40:03 PM,04/11/2018 12:40:29 PM,74.62.204.86,,,,,3,,,Car,,,,,,Parent/Grandparent,,,,,Fun,,,,,,"""Stop, look, listen""",,,
6819933182,173176001,04/11/2018 12:39:26 PM,04/11/2018 12:39:59 PM,74.62.204.86,,,,,3,,,Car,,,,,,Parent/Grandparent,,,,,Fun,Healthy,,,,,"""Stop, look, listen""",,,
6819931370,173176001,04/11/2018 12:38:55 PM,04/11/2018 12:39:20 PM,74.62.204.86,,,,,3,,,Car,,,,,,Parent/Grandparent,,,,,,Healthy,,,,,"""Stop, look, listen""",,,
6819929641,173176001,04/11/2018 12:38:22 PM,04/11/2018 12:38:44 PM,74.62.204.86,,,,,3,,Walking,,,,,,,Parent/Grandparent,,,,,Fun,,,,,,"""Stop, look, listen""",,,
6819922958,173176001,04/11/2018 12:35:54 PM,04/11/2018 12:37:33 PM,74.62.204.86,,,,,3,,,Car,,,,,,Parent/Grandparent,,,,,,,,,,Takes too long,"""Stop, look, listen""",,,
6819921280,173176001,04/11/2018 12:35:25 PM,04/11/2018 12:35:48 PM,74.62.204.86,,,,,3,,,Car,,,,,,Parent/Grandparent,,,,,,Healthy,,,,,"""Stop, look, listen""",,,
6819919839,173176001,04/11/2018 12:34:06 PM,04/11/2018 12:35:18 PM,74.62.204.86,,,,,3,,,Car,,,,,,Parent/Grandparent,,,,,Fun,,,,,,"""Stop, look, listen""",,,
6819916184,173176001,04/11/2018 12:33:32 PM,04/11/2018 12:33:59 PM,74.62.204.86,,,,,3,,,Car,,,,,,Parent/Grandparent,,,,,Fun,,,,,,"""Stop, look, listen""",,,
6819914266,173176001,04/11/2018 12:27:44 PM,04/11/2018 12:33:18 PM,74.62.204.86,,,,,3,,,Car,,,,,,Parent/Grandparent,,,,,Fun,,,,,,"""Stop, look, listen""",,,
6819896246,173176001,04/11/2018 12:25:56 PM,04/11/2018 12:26:56 PM,74.62.204.86,,,,,3,,Walking,,,,,,,Parent/Grandparent,,,,,Fun,,,,,,"""Stop, look, listen""",,,
