Respondent ID,Collector ID,Start Date,End Date,IP Address,Email Address,First Name,Last Name,Custom Data 1,What is the grade of the child who brought home this survey?,What is the street intersection nearest your home? (Provide the names of two intersecting streets),How far does your child live from school?,"On most days, how does your child get to school?","On most days, how does your child leave school?",How long does it normally take your child to get to school?,How long does it normally take your child to get home from school?,Has your child asked you for your permission to walk or bike from school?,At what grade would you allow your child to walk or bike to/from school without an adult?,Distance as a concern,Convenience of Driving as a concern,Time as a concern, Child's before/after school activities as a concern, Car speeds along route as a concern,Amount of traffic along route as a concern, Adults to walk/bike with as a concern,Sidewalks or pathways as a concern,Safety of intersections and crossings as a concern, Crossing guards as a concern,Violence or crime as a concern,Weather or climate as a concern,Distance as an improvement,Convenience of Drivings as an improvement,Time  as an improvement, Child's before/after school activities as an improvement, Car speeds along route as an improvement,Amount of traffic along route as an improvement, Adults to walk/bike with as an improvement,Sidewalks or pathways as an improvement,Safety of intersections and crossings as an improvement, Crossing guards as an improvement,Violence or crime as an improvement,Weather or climate as an improvement,Do you have any suggestions on how we can make East Los Angeles more pedestrian and bike friendly?
6931033901,173304002,8/21/18 14:55,8/21/18 14:56,142.129.227.79,,,,,5,Hammel and Dangler,1/4 to 1/2 of a mile,Family Vehicle (only children in your family),Family Vehicle (only children in for family),11-20 minutes,11-20 minutes,No,11,,,,,,,,,,,,,,,,,,,,,,,,,N/A
6931033561,173304002,8/21/18 14:54,8/21/18 14:55,142.129.227.79,,,,,5,McDonald y Cesar Chavez,Less than 1/4 of a mile,Family Vehicle (only children in your family),Family Vehicle (only children in for family),5-10 minutes,5-10 minutes,No,,,,,,,,,,,,,,,,,,,,,,,,,,
6931033272,173304002,8/21/18 14:53,8/21/18 14:54,142.129.227.79,,,,,4,Dozier St y Cesar Chavez,1-2 miles,Family Vehicle (only children in your family),Family Vehicle (only children in for family),11-20 minutes,11-20 minutes,,4,,,,,,,,,,,,,,,,,,,,,,,,,
6931033012,173304002,8/21/18 14:52,8/21/18 14:53,142.129.227.79,,,,,5,First y McDonell,1/2-1 mile,Walking,Walking,5-10 minutes,5-10 minutes,No,-1,Distance,,,,,,,,,,,,Distance,,,,,,,,,,,,
6825210190,173304002,4/13/18 10:49,4/13/18 10:50,74.62.204.86,,,,,6,Hazard and Cesar Chavez,1/4 to 1/2 of a mile,Family Vehicle (only children in your family),Walking,5-10 minutes,More than 20 minutes,No,6,,,,,Car speeds along route,Amount of traffic along route,,,Safety of intersections and crossings,Crossing guards,Violence or crime,,,,,,,,,,,,,,More crossing guards and to put traffic light on marianna
6825200151,173304002,4/13/18 10:45,4/13/18 10:47,74.62.204.86,,,,,6,Beverly and Vermont ,2 + miles,Family Vehicle (only children in your family),Family Vehicle (only children in for family),11-20 minutes,More than 20 minutes,No,-1,,,,,,,,,,,,,Distance,,Time,Child's before/after school activities,Car speeds along route,Amount of traffic along route,Adults to walk/bike with,,Safety of intersections and crossings,,Violence or crime,Weather or climate,
6825195410,173304002,4/13/18 10:44,4/13/18 10:45,74.62.204.86,,,,,6,Rowan and Loimpyc,1/2-1 mile,Family Vehicle (only children in your family),Family Vehicle (only children in for family),11-20 minutes,11-20 minutes,No,9,Distance,,,,,,,,Safety of intersections and crossings,,,,Distance,,,,,,,,Safety of intersections and crossings,,,,
6825192112,173304002,4/13/18 10:43,4/13/18 10:44,74.62.204.86,,,,,6,2nd St.,1/2-1 mile,Family Vehicle (only children in your family),Walking,5-10 minutes,5-10 minutes,Yes,,,,,,,Amount of traffic along route,Adults to walk/bike with,Sidewalks or pathways,Safety of intersections and crossings,,,,,,,,,,,,,,,,
6825188764,173304002,4/13/18 10:42,4/13/18 10:43,74.62.204.86,,,,,6,Eastern and 1st St. ,Less than 1/4 of a mile,Family Vehicle (only children in your family),Family Vehicle (only children in for family),Less than 5 minutes,Less than 5 minutes,Yes,10,,,,,Car speeds along route,Amount of traffic along route,,Sidewalks or pathways,Safety of intersections and crossings,Crossing guards,Violence or crime,Weather or climate,,Convenience of Driving,,,Car speeds along route,Amount of traffic along route,,Sidewalks or pathways,Safety of intersections and crossings,Crossing guards,Violence or crime,Weather or climate,
6825185082,173304002,4/13/18 10:40,4/13/18 10:42,74.62.204.86,,,,,6,Rowan and Loimpyc (?),1/2-1 mile,Family Vehicle (only children in your family),Family Vehicle (only children in for family),11-20 minutes,11-20 minutes,No,9,Distance,,,,,,,,Safety of intersections and crossings,,,,Distance,,,,,,,,Safety of intersections and crossings,,,,No
6825181592,173304002,4/13/18 10:39,4/13/18 10:40,74.62.204.86,,,,,6,,Less than 1/4 of a mile,Family Vehicle (only children in your family),Family Vehicle (only children in for family),Less than 5 minutes,Less than 5 minutes,,6,,,,,Car speeds along route,,,,Safety of intersections and crossings,,Violence or crime,,,,,,Car speeds along route,,,,Safety of intersections and crossings,,Violence or crime,,We need more police around schools.
6825178178,173304002,4/13/18 10:38,4/13/18 10:39,74.62.204.86,,,,,6,1st and Sunol,1/4 to 1/2 of a mile,Family Vehicle (only children in your family),Walking,11-20 minutes,11-20 minutes,Yes,5,,,,,Car speeds along route,Amount of traffic along route,,,Safety of intersections and crossings,Crossing guards,,,,,,,,,,,Safety of intersections and crossings,Crossing guards,,,
6825174875,173304002,4/13/18 10:37,4/13/18 10:38,74.62.204.86,,,,,6,,2 + miles,Family Vehicle (only children in your family),Walking,11-20 minutes,More than 20 minutes,Yes,7,,,,,,,,,,,,,,Convenience of Driving,,,Car speeds along route,,,,,,Violence or crime,,
6825171697,173304002,4/13/18 10:36,4/13/18 10:37,74.62.204.86,,,,,6,First St. and Gage,1/4 to 1/2 of a mile,Family Vehicle (only children in your family),Family Vehicle (only children in for family),Less than 5 minutes,Less than 5 minutes,No,9,Distance,,,,Car speeds along route,,,,,,Violence or crime,,,,,,,,,,,,,,
6825168614,173304002,4/13/18 10:34,4/13/18 10:35,74.62.204.86,,,,,6,Sunol Dr. and 1st,Less than 1/4 of a mile,Walking,Walking,Less than 5 minutes,Less than 5 minutes,Yes,6,,,,,,,,,,,Violence or crime,,,,,,,,,,,,Violence or crime,,They can make more bike ways
6825163388,173304002,4/13/18 10:32,4/13/18 10:33,74.62.204.86,,,,,6,Michigan and Marianna ,Less than 1/4 of a mile,Family Vehicle (only children in your family),Family Vehicle (only children in for family),Less than 5 minutes,Less than 5 minutes,Yes,8,,,,,,,,,,,,,,,,,,,Adults to walk/bike with,Sidewalks or pathways,Safety of intersections and crossings,Crossing guards,Violence or crime,,"More police patrol, speed bumps, and more crossing guards."
6825159559,173304002,4/13/18 10:31,4/13/18 10:32,74.62.204.86,,,,,6,Ceasar Chavez and Eastern ,1/4 to 1/2 of a mile,Family Vehicle (only children in your family),Walking,5-10 minutes,5-10 minutes,Yes,7,,,,,Car speeds along route,Amount of traffic along route,,,Safety of intersections and crossings,,Violence or crime,,,,,,,,,,,,,,
6825157101,173304002,4/13/18 10:30,4/13/18 10:31,74.62.204.86,,,,,6,Marengo and Evergreen,1/2-1 mile,Family Vehicle (only children in your family),Family Vehicle (only children in for family),5-10 minutes,5-10 minutes,,9,,,,,,,,,,,,,Distance,,,,,,,,,,,,
6825154655,173304002,4/13/18 10:29,4/13/18 10:30,74.62.204.86,,,,,6,Hazard St and Fisher St,1-2 miles,Family Vehicle (only children in your family),Family Vehicle (only children in for family),5-10 minutes,5-10 minutes,No,9,Distance,,,,Car speeds along route,,,Sidewalks or pathways,,,,,,,,,,,,,,,,,
6825151412,173304002,4/13/18 10:28,4/13/18 10:29,74.62.204.86,,,,,3,3rd and Gage,1/4 to 1/2 of a mile,Family Vehicle (only children in your family),Family Vehicle (only children in for family),Less than 5 minutes,Less than 5 minutes,No,8,,,,,,,,,,,,,,,,,,,Adults to walk/bike with,,,Crossing guards,Violence or crime,Weather or climate,
6825148783,173304002,4/13/18 10:27,4/13/18 10:28,74.62.204.86,,,,,3,Olympic Ave and Rowan Ave,1/2-1 mile,Family Vehicle (only children in your family),Family Vehicle (only children in for family),5-10 minutes,5-10 minutes,No,8,,,,,,,,,,,,,Distance,,,,,,,,Safety of intersections and crossings,,,,
6825146021,173304002,4/13/18 10:24,4/13/18 10:27,74.62.204.86,,,,,3,Zaring and Eastern ,Less than 1/4 of a mile,Walking,Walking,Less than 5 minutes,Less than 5 minutes,Yes,3,,,,,Car speeds along route,Amount of traffic along route,,,,Crossing guards,Violence or crime,Weather or climate,,,,,Car speeds along route,Amount of traffic along route,,,Safety of intersections and crossings,,Violence or crime,,"We are across the street from school which is why I allow him to walk to school with supervision from an adult when he is crossing the street, otherwise I wouldn't allow him to walk along to school. That is why I filled out both scenarios."
6825139455,173304002,4/13/18 10:22,4/13/18 10:24,74.62.204.86,,,,,3,1st Ave. and Sunol  Dr.,1/4 to 1/2 of a mile,Family Vehicle (only children in your family),Family Vehicle (only children in for family),Less than 5 minutes,Less than 5 minutes,No,6,,,,,,,,,,,,,,,,,,,Adults to walk/bike with,,,,,,I love the idea of an adult/adults to walk with students. Maybe have an adult walk them to the park (Obregon Park)
6825133733,173304002,4/13/18 10:21,4/13/18 10:22,74.62.204.86,,,,,3,Gifford Ave and Ceasar Chavez,1/4 to 1/2 of a mile,Carpool (children from other families),Carpool (children from other families),5-10 minutes,5-10 minutes,No,6,,,,,,,,,,,,,,,,,Car speeds along route,Amount of traffic along route,,,,,,,
6825130334,173304002,4/13/18 10:19,4/13/18 10:21,74.62.204.86,,,,,3,3rd. St. and Eastern ,1/4 to 1/2 of a mile,Family Vehicle (only children in your family),Family Vehicle (only children in for family),Less than 5 minutes,,No,-1,,,,,,,,,,,,,,,,,,,,,,,,,Having more safety guards in al intersections
6825125751,173304002,4/13/18 10:18,4/13/18 10:19,74.62.204.86,,,,,3,San Carlos St. and Sunol St,I do not know,Family Vehicle (only children in your family),Family Vehicle (only children in for family),5-10 minutes,Less than 5 minutes,No,-1,,,,,Car speeds along route,Amount of traffic along route,,,,,Violence or crime,,,,,,Car speeds along route,,,,Safety of intersections and crossings,,Violence or crime,,
6825121051,173304002,4/13/18 10:16,4/13/18 10:18,74.62.204.86,,,,,3,Ceasar Chavez and Eastern ,1/4 to 1/2 of a mile,Family Vehicle (only children in your family),Family Vehicle (only children in for family),Less than 5 minutes,Less than 5 minutes,Yes,-1,,,,,,,,,,,,,,,,,,,Adults to walk/bike with,,Safety of intersections and crossings,Crossing guards,Violence or crime,Weather or climate,"Gang activity at the park and surrounding blocks. Not enough police patrol, a lot of shootings. More police patrol/safety."
6825115885,173304002,4/13/18 10:14,4/13/18 10:16,74.62.204.86,,,,,3,eastern and marianna ,Less than 1/4 of a mile,Family Vehicle (only children in your family),Family Vehicle (only children in for family),5-10 minutes,5-10 minutes,,-1,,,,,,,,,,,,,,,,,,,,,,Crossing guards,,,More crossing guards around school and intersections
6825111673,173304002,4/13/18 10:07,4/13/18 10:14,74.62.204.86,,,,,6,Ceasar Chavez ave. and San Carlos St. ,,Family Vehicle (only children in your family),Family Vehicle (only children in for family),Less than 5 minutes,Less than 5 minutes,Yes,-1,,,,,Car speeds along route,Amount of traffic along route,,,,,,,,,,,Car speeds along route,Amount of traffic along route,,,Safety of intersections and crossings,Crossing guards,Violence or crime,Weather or climate,Yes have more crossing guards and crosswalks
6820293686,173186944,4/11/18 15:00,4/11/18 15:02,74.62.204.86,,,,,6,Hazard and Cesar Chavez,1/4 to 1/2 of a mile,Family Vehicle (only children in your family),Walking,5-10 minutes,More than 20 minutes,No,6,,,,,Car speeds along route,Amount of traffic along route,,,Safety of intersections and crossings,Crossing guards,Violence or crime,,,,,,,,,,,,,,More crossing guards and to put traffic light on 1st and Marianna.
6971700282,175219463,1/2/19 21:32,1/2/19 21:34,147.21.8.1,,,,,TK,Eastman and 1st Street,Menos de 1/4 de milla,Caminando,Caminando,Menos de 5 minutos,Menos de 5 minutos,No,No me sentiria comodo/a en ningun grado,,,Tiempo,,Velocidad del trafico en la ruta,Cantidad de trafico en la ruta,,,Seguridad de las intersecciones y cruces,,,,,,,,,,,,,,,,Que hayan mas presencia policial para o personal de seguridad en las intersecciones para sentirme con mas seguridad peatonal.
6971700113,175219463,1/2/19 21:31,1/2/19 21:32,147.21.8.1,,,,,K,Rowan and 1st St,1/4-1/2 milla,Caminando,Caminando,5 to 10 minutos,5 to 10 minutos,No,7,,,,,,,,,,,,,,,,,,,,,,,,,
6971700039,175219463,1/2/19 21:30,1/2/19 21:31,147.21.8.1,,,,,3,1st and Rowan,1/2-1 milla,Caminando,Caminando,5 to 10 minutos,11 to 20 minutos,No,No me sentiria comodo/a en ningun grado,Distancia,,,,Velocidad del trafico en la ruta,,,,Seguridad de las intersecciones y cruces,,Violencia o crimen,Clima,,,,,,,,,,,,,
6971699915,175219463,1/2/19 21:29,1/2/19 21:30,147.21.8.1,,,,,4,Cesar Chavez and Dangler,Menos de 1/4 de milla,Vehiculo familiar (solo con ninos de la familia),Vehiculo familiar (solo con ninos de la familia),5 to 10 minutos,11 to 20 minutos,No,No me sentiria comodo/a en ningun grado,,,,,,,,,,,,,,,,,Velocidad del trafico en la ruta,Cantidad de trafico en la ruta,,,Seguridad de las intersecciones y cruces,Guardias de cruce peatonal,,,
6971699791,175219463,1/2/19 21:27,1/2/19 21:28,147.21.8.1,,,,,4,Ford and Cesar Chavez,Menos de 1/4 de milla,Caminando,Caminando,Menos de 5 minutos,Menos de 5 minutos,No,No me sentiria comodo/a en ningun grado,,,,,,Cantidad de trafico en la ruta,,,,,,,,,,,,Cantidad de trafico en la ruta,,,,,,,By having sidewalks and having 1 lane only for bikes/bike lanes.
6971699675,175219463,1/2/19 21:26,1/2/19 21:27,147.21.8.1,,,,,4,Whittier and Redman,2+ millas,Vehiculo familiar (solo con ninos de la familia),Vehiculo familiar (solo con ninos de la familia),Mas de 20 minutos,Mas de 20 minutos,No,No me sentiria comodo/a en ningun grado,Distancia,,,,Velocidad del trafico en la ruta,,,,Seguridad de las intersecciones y cruces,,Violencia o crimen,,,,,,,,,,,,Violencia o crimen,,More police patrol.
6971699575,175219463,1/2/19 21:25,1/2/19 21:26,147.21.8.1,,,,,4,Mednik and Dozier,1/4-1/2 milla,Caminando,Caminando,Menos de 5 minutos,5 to 10 minutos,No,No me sentiria comodo/a en ningun grado,,,,,Velocidad del trafico en la ruta,Cantidad de trafico en la ruta,,,,,Violencia o crimen,,,,,,Velocidad del trafico en la ruta,Cantidad de trafico en la ruta,,,,,Violencia o crimen,,More crossing guards on both ends of school corners. 
6971699461,175219463,1/2/19 21:24,1/2/19 21:25,147.21.8.1,,,,,4,3rd St and McDonnell Ave,1/2-1 milla,Vehiculo familiar (solo con ninos de la familia),Vehiculo familiar (solo con ninos de la familia),5 to 10 minutos,5 to 10 minutos,No,No me sentiria comodo/a en ningun grado,,,,,,,,,,,,,,,,,,,,,,,,,It will be nice if they put bumps on streets for cars to go slower and no speeding. 
6971699366,175219463,1/2/19 21:22,1/2/19 21:23,147.21.8.1,,,,,4,Eugene and McDonnell,1/2-1 milla,Caminando,Caminando,5 to 10 minutos,5 to 10 minutos,No,5,,,,,,,,,,,,,,,,,,,,,,,,,Que haiga mas personas para el cruze en calles. 
6971699255,175219463,1/2/19 21:21,1/2/19 21:22,147.21.8.1,,,,,4,Mednik and Cesar Chavez,1/4-1/2 milla,Caminando,Caminando,5 to 10 minutos,,,7th,,,,,Velocidad del trafico en la ruta,Cantidad de trafico en la ruta,,,,,Violencia o crimen,,,,,,Velocidad del trafico en la ruta,Cantidad de trafico en la ruta,,,Seguridad de las intersecciones y cruces,,Violencia o crimen,,
6971699137,175219463,1/2/19 21:20,1/2/19 21:21,147.21.8.1,,,,,4,Cesar Chavez and Dangler,1/2-1 milla,Vehiculo familiar (solo con ninos de la familia),Vehiculo familiar (solo con ninos de la familia),Menos de 5 minutos,Menos de 5 minutos,No,5th,,,,,,,,,,,,,,,,,,,Ninos acompanados por adultos,,Seguridad de las intersecciones y cruces,Guardias de cruce peatonal,,,
6971699056,175219463,1/2/19 21:19,1/2/19 21:20,147.21.8.1,,,,,4,Brannick Ave and Floral Dr,2+ millas,Vehiculo familiar (solo con ninos de la familia),Vehiculo familiar (solo con ninos de la familia),11 to 20 minutos,11 to 20 minutos,,9th,Distancia,,,,Velocidad del trafico en la ruta,Cantidad de trafico en la ruta,,,Seguridad de las intersecciones y cruces,,Violencia o crimen,,,,,,,,,,,,,,No people drive like they own the road and only they matter. 
6971698930,175219463,1/2/19 21:18,1/2/19 21:19,147.21.8.1,,,,,4,McDonnell Ave and Cesar E Chavez Ave,Menos de 1/4 de milla,Caminando,Caminando,Menos de 5 minutos,Menos de 5 minutos,No,5th/6th,,,,,,,,,,,,,,,,,,,,,,,,,
6971698843,175219463,1/2/19 21:17,1/2/19 21:18,147.21.8.1,,,,,4,Eagle St and Arizona,1/2-1 milla,Vehiculo familiar (solo con ninos de la familia),Vehiculo familiar (solo con ninos de la familia),5 to 10 minutos,5 to 10 minutos,No,7,Distancia,,Tiempo,,Velocidad del trafico en la ruta,Cantidad de trafico en la ruta,Ninos acompanados por adultos,Aceras o caminos,Seguridad de las intersecciones y cruces,,Violencia o crimen,,,,,,,,,,,,,,
6971698757,175219463,1/2/19 21:16,1/2/19 21:17,147.21.8.1,,,,,4,Dangler and Hammal St,Menos de 1/4 de milla,Caminando,Caminando,5 to 10 minutos,5 to 10 minutos,No,8,,,,,,,Ninos acompanados por adultos,,,,,,,,,,,,,,,,,,No everything is fine.
6971698659,175219463,1/2/19 21:13,1/2/19 21:16,147.21.8.1,,,,,4,(N) Eastern and (E) Cesar E Chavez Ave,Menos de 1/4 de milla,Caminando,Caminando,Menos de 5 minutos,5 to 10 minutos,Yes,8-Apr,Distancia,Conveniencia de manejar,Tiempo,Actividades antes/despues de la escuela,Velocidad del trafico en la ruta,Cantidad de trafico en la ruta,Ninos acompanados por adultos,Aceras o caminos,Seguridad de las intersecciones y cruces,Guardias de cruce peatonal,Violencia o crimen,Clima,,,,,,,,,,,,,Have more police officers before and after school patrolling to prevent crazy people from speeding when kids go home. 
6971698617,175219499,1/2/19 21:15,1/2/19 21:15,173.164.210.33,,,,,2,1st and Ditman,,Vehiculo familiar (solo con ninos de la familia),Vehiculo familiar (solo con ninos de la familia),5 to 10 minutos,5 to 10 minutos,,,,,,,,,,,,,,,,,,,,,,,,,,,
6971698531,175219499,1/2/19 21:13,1/2/19 21:14,173.164.210.33,,,,,1,Velazco and 2nd,Menos de 1/4 de milla,Vehiculo familiar (solo con ninos de la familia),Caminando,Menos de 5 minutos,11 to 20 minutos,Yes,7,,,,,,,,,,,,,Distancia,,,,,,Ninos acompanados por adultos,,,,Violencia o crimen,,
6971698404,175219463,1/2/19 21:12,1/2/19 21:13,147.21.8.1,,,,,4,Cesar Chavez and 1st Street,Menos de 1/4 de milla,Vehiculo familiar (solo con ninos de la familia),Caminando,Menos de 5 minutos,Menos de 5 minutos,No,No me sentiria comodo/a en ningun grado,,,,,,Cantidad de trafico en la ruta,,,,,,Clima,,,,,,Cantidad de trafico en la ruta,,,,Guardias de cruce peatonal,,,More crossing guards
6971698400,175219499,1/2/19 21:13,1/2/19 21:13,173.164.210.33,,,,,1,Downey and Olympic,Menos de 1/4 de milla,Caminando,Caminando,11 to 20 minutos,11 to 20 minutos,No,No me sentiria comodo/a en ningun grado,,,,,,,,,,,,,,,,,,,,,,,,,
6971698295,175219499,1/2/19 21:09,1/2/19 21:12,173.164.210.33,,,,,1 and 3,Downey and Olympic,No se,Vehiculo familiar (solo con ninos de la familia),Caminando,5 to 10 minutos,11 to 20 minutos,No,No me sentiria comodo/a en ningun grado,,,,,,,,,,,,,,,,,Velocidad del trafico en la ruta,,Ninos acompanados por adultos,,,Guardias de cruce peatonal,Violencia o crimen,,Queremos mas vigilancia de la policia durante la entrada y salida de escuela
6971698290,175219463,1/2/19 21:11,1/2/19 21:12,147.21.8.1,,,,,4,2nd St and McDonnell,Menos de 1/4 de milla,Vehiculo familiar (solo con ninos de la familia),Vehiculo familiar (solo con ninos de la familia),Menos de 5 minutos,5 to 10 minutos,No,No me sentiria comodo/a en ningun grado,,,,Actividades antes/despues de la escuela,,,,,Seguridad de las intersecciones y cruces,,Violencia o crimen,Clima,,,,,,,,,,,,,No
6971698163,175219463,1/2/19 21:10,1/2/19 21:11,147.21.8.1,,,,,4,Cesar Chavez and Floral,1/2-1 milla,Vehiculo familiar (solo con ninos de la familia),Caminando,Menos de 5 minutos,Mas de 20 minutos,No,8,,,,,Velocidad del trafico en la ruta,Cantidad de trafico en la ruta,,,Seguridad de las intersecciones y cruces,Guardias de cruce peatonal,Violencia o crimen,,,,,,Velocidad del trafico en la ruta,Cantidad de trafico en la ruta,,,Seguridad de las intersecciones y cruces,Guardias de cruce peatonal,Violencia o crimen,,
6971698065,175219463,1/2/19 21:09,1/2/19 21:10,147.21.8.1,,,,,4,Eastern and Cesar Chavez,1-2 milla,Vehiculo familiar (solo con ninos de la familia),Vehiculo familiar (solo con ninos de la familia),5 to 10 minutos,5 to 10 minutos,No,4,,,,,,,,,,,,,,,,,Velocidad del trafico en la ruta,,,,Seguridad de las intersecciones y cruces,,,,
6971697999,175219499,1/2/19 21:08,1/2/19 21:09,173.164.210.33,,,,,1,,,Caminando,Caminando,11 to 20 minutos,Mas de 20 minutos,No,No me sentiria comodo/a en ningun grado,,,,Actividades antes/despues de la escuela,,,,,,,,,,,,,Velocidad del trafico en la ruta,,,,,,,,
6971697968,175219463,1/2/19 21:08,1/2/19 21:09,147.21.8.1,,,,,4,Dangler and Brooklyn,1/4-1/2 milla,Vehiculo familiar (solo con ninos de la familia),Vehiculo familiar (solo con ninos de la familia),5 to 10 minutos,5 to 10 minutos,,No me sentiria comodo/a en ningun grado,,,,,Velocidad del trafico en la ruta,Cantidad de trafico en la ruta,,,Seguridad de las intersecciones y cruces,,Violencia o crimen,Clima,,,,,Velocidad del trafico en la ruta,Cantidad de trafico en la ruta,,,Seguridad de las intersecciones y cruces,Guardias de cruce peatonal,Violencia o crimen,,
6971697917,175219499,1/2/19 21:07,1/2/19 21:08,173.164.210.33,,,,,Kinder,,No se,Vehiculo familiar (solo con ninos de la familia),Vehiculo familiar (solo con ninos de la familia),5 to 10 minutos,5 to 10 minutos,No,No me sentiria comodo/a en ningun grado,,,,,Velocidad del trafico en la ruta,Cantidad de trafico en la ruta,,,,,,,,,,,Velocidad del trafico en la ruta,Cantidad de trafico en la ruta,,,,,,,
6971697880,175219463,1/2/19 21:06,1/2/19 21:08,147.21.8.1,,,,,4,Cesar Chavez and Eastern,1/4-1/2 milla,Vehiculo familiar (solo con ninos de la familia),Vehiculo familiar (solo con ninos de la familia),5 to 10 minutos,5 to 10 minutos,No,No me sentiria comodo/a en ningun grado,,,,,Velocidad del trafico en la ruta,Cantidad de trafico en la ruta,,,,,,Clima,,,,,Velocidad del trafico en la ruta,Cantidad de trafico en la ruta,,,,,,,The way the adults drive they don't care sometimes when there are kids around. Too dangerous.
6971697862,175219499,1/2/19 21:06,1/2/19 21:07,173.164.210.33,,,,,Kinder,Whittie and Denison,,Caminando,Caminando,11 to 20 minutos,11 to 20 minutos,No,12,,,,,,,,,,,,,,,,,,,Ninos acompanados por adultos,,,,,,
6971697754,175219463,1/2/19 21:05,1/2/19 21:06,147.21.8.1,,,,,4,Cesar Chavez Ave and Ford,1/4-1/2 milla,Vehiculo familiar (solo con ninos de la familia),Vehiculo familiar (solo con ninos de la familia),5 to 10 minutos,5 to 10 minutos,No,6,,,,,,,,,Seguridad de las intersecciones y cruces,Guardias de cruce peatonal,,,,,,,,,,,,,,,
6971697750,175219499,1/2/19 21:03,1/2/19 21:06,173.164.210.33,,,,,5,Downey and Olympic,1-2 milla,Vehiculo familiar (solo con ninos de la familia),Caminando,Menos de 5 minutos,No se/No estoy seguro/a,No,No me sentiria comodo/a en ningun grado,,,,,Velocidad del trafico en la ruta,Cantidad de trafico en la ruta,,,Seguridad de las intersecciones y cruces,,,Clima,,,,,Velocidad del trafico en la ruta,Cantidad de trafico en la ruta,,,Seguridad de las intersecciones y cruces,,,,"Via peatonal Eastman y Olympic, y anuncios de estacionamiento 15 min. que esta Gage y Olympic"
6971697640,175219463,1/2/19 21:04,1/2/19 21:05,147.21.8.1,,,,,4,Fisher and Dangler,1/4-1/2 milla,Vehiculo familiar (solo con ninos de la familia),Vehiculo familiar (solo con ninos de la familia),5 to 10 minutos,,No,6,,,,,,,,,,,,,,,,,,,Ninos acompanados por adultos,,,,,,
6971697518,175219463,1/2/19 20:49,1/2/19 21:04,147.21.8.1,,,,,4,McDonnell and Michigan,Menos de 1/4 de milla,Vehiculo familiar (solo con ninos de la familia),Caminando,Menos de 5 minutos,Menos de 5 minutos,No,No me sentiria comodo/a en ningun grado,,,,,Velocidad del trafico en la ruta,,,,Seguridad de las intersecciones y cruces,,Violencia o crimen,,,,,,,,,,,,,,Just more crossing guards. 
6971697413,175219499,1/2/19 21:01,1/2/19 21:03,173.164.210.33,,,,,5,Union Pacific and Downey Rd,No se,Caminando,Caminando,5 to 10 minutos,5 to 10 minutos,No,10,Distancia,,,,Velocidad del trafico en la ruta,,,,,,Violencia o crimen,,,,,,,,,,,,,,Mas presencia de policia. Mas luz por las tarde -- noche.
6971697379,175219463,1/2/19 21:00,1/2/19 21:02,147.21.8.1,,,,,4,McDonnell and New York,Menos de 1/4 de milla,Caminando,Caminando,Menos de 5 minutos,Menos de 5 minutos,No,7,,,,,Velocidad del trafico en la ruta,Cantidad de trafico en la ruta,Ninos acompanados por adultos,,Seguridad de las intersecciones y cruces,Guardias de cruce peatonal,,,,,,,,,,,,,,,Tratar de respetar tanto conductores como peatones los senalamientos y tratar de llevarse bien con la comunidad.
6971697106,175219499,1/2/19 20:57,1/2/19 21:00,173.164.210.33,,,,,1 and k,Marana y Tuttle y Sunol y Tuttle,Menos de 1/4 de milla,Caminando,,11 to 20 minutos,11 to 20 minutos,No,No me sentiria comodo/a en ningun grado,,,,,,,,,,,,,Distancia,,Tiempo,,Velocidad del trafico en la ruta,Cantidad de trafico en la ruta,Ninos acompanados por adultos,,Seguridad de las intersecciones y cruces,Guardias de cruce peatonal,Violencia o crimen,Clima,Mas policias patruyando en las calles cercanas ala escuela
6971697063,175219463,1/2/19 20:59,1/2/19 20:59,147.21.8.1,,,,,4,Fisher and Dangler,Menos de 1/4 de milla,Vehiculo familiar (solo con ninos de la familia),Vehiculo familiar (solo con ninos de la familia),Menos de 5 minutos,Menos de 5 minutos,No,No me sentiria comodo/a en ningun grado,,,,,,,,,,,,,,,,,Velocidad del trafico en la ruta,Cantidad de trafico en la ruta,,,Seguridad de las intersecciones y cruces,Guardias de cruce peatonal,,,
6971696981,175219463,1/2/19 20:58,1/2/19 20:59,147.21.8.1,,,,,,Humphreys and Cesar E Chavez,1/4-1/2 milla,Caminando,Caminando,5 to 10 minutos,5 to 10 minutos,No,No me sentiria comodo/a en ningun grado,,,,,Velocidad del trafico en la ruta,,,,,Guardias de cruce peatonal,,,,,,,,,,,,,,,
6971696873,175219463,1/2/19 20:57,1/2/19 20:57,147.21.8.1,,,,,5,Dangler and 1st Street,Menos de 1/4 de milla,Caminando,Caminando,5 to 10 minutos,5 to 10 minutos,No,5th,,,,,,,,Aceras o caminos,,,Violencia o crimen,,,,,,,,,Aceras o caminos,,,Violencia o crimen,,
6971696775,175219499,1/2/19 20:55,1/2/19 20:57,173.164.210.33,,,,,3,Triss and Scnol,1/4-1/2 milla,Vehiculo familiar (solo con ninos de la familia),Vehiculo familiar (solo con ninos de la familia),5 to 10 minutos,,No,No me sentiria comodo/a en ningun grado,,,,,,,,,,,,,,,,,,,,,,,,,Guardias de cruze peatonal en union pacific
6971696757,175219463,1/2/19 20:54,1/2/19 20:57,147.21.8.1,,,,,5,Cesar Chavez and Eastern,1/4-1/2 milla,Vehiculo familiar (solo con ninos de la familia),Vehiculo familiar (solo con ninos de la familia),5 to 10 minutos,5 to 10 minutos,No,10,,,,,,,,,,,,,,,,,Velocidad del trafico en la ruta,Cantidad de trafico en la ruta,,,Seguridad de las intersecciones y cruces,,,,To keep other pedestrians safe.
6971696553,175219499,1/2/19 20:46,1/2/19 20:54,173.164.210.33,,,,,3,Union Pacific and Zonal,1/4-1/2 milla,Caminando,Caminando,11 to 20 minutos,11 to 20 minutos,No,No me sentiria comodo/a en ningun grado,,,,,,Cantidad de trafico en la ruta,,,,,,,,,,,,,,,,,,,Muchos coches en Zonal/Union Pacific poner tope pasan muy rapido
6971696463,175219463,1/2/19 20:53,1/2/19 20:54,147.21.8.1,,,,,5,Hammel St and McDonnell Ave,Menos de 1/4 de milla,Vehiculo familiar (solo con ninos de la familia),Vehiculo familiar (solo con ninos de la familia),Menos de 5 minutos,Menos de 5 minutos,No,No me sentiria comodo/a en ningun grado,,,,,Velocidad del trafico en la ruta,Cantidad de trafico en la ruta,Ninos acompanados por adultos,Aceras o caminos,Seguridad de las intersecciones y cruces,Guardias de cruce peatonal,,Clima,,,,,Velocidad del trafico en la ruta,Cantidad de trafico en la ruta,Ninos acompanados por adultos,Aceras o caminos,Seguridad de las intersecciones y cruces,Guardias de cruce peatonal,,Clima,"Add crossing guards, stop lights near all cross walks near the school. "
6971696328,175219463,1/2/19 20:52,1/2/19 20:52,147.21.8.1,,,,,5,McDonnell and Cesar Chavez,Menos de 1/4 de milla,Vehiculo familiar (solo con ninos de la familia),Vehiculo familiar (solo con ninos de la familia),5 to 10 minutos,5 to 10 minutos,No,,,,,,,,,,,,,,,,,,Velocidad del trafico en la ruta,,Ninos acompanados por adultos,,,,,Clima,No
6971696234,175219463,1/2/19 20:49,1/2/19 20:52,147.21.8.1,,,,,5,Bonnie Beach Place and Michigan,1-2 milla,Vehiculo familiar (solo con ninos de la familia),Vehiculo familiar (solo con ninos de la familia),5 to 10 minutos,5 to 10 minutos,No,8,,,,,Velocidad del trafico en la ruta,,,,Seguridad de las intersecciones y cruces,,Violencia o crimen,,,,,,Velocidad del trafico en la ruta,,,,Seguridad de las intersecciones y cruces,,Violencia o crimen,,Perhaps more law enforcement around the school during dismissal. 
6971695943,175219463,1/2/19 20:48,1/2/19 20:49,147.21.8.1,,,,,5,Mednik and Chavez Ave,1/2-1 milla,Caminando,Caminando,11 to 20 minutos,11 to 20 minutos,No,5th,,,,,Velocidad del trafico en la ruta,Cantidad de trafico en la ruta,,,Seguridad de las intersecciones y cruces,,Violencia o crimen,,,,,,,,,,,,,,
6971695848,175219463,1/2/19 20:46,1/2/19 20:48,147.21.8.1,,,,,5,Fisher and Dangler and Fisher and McDonnell,1/4-1/2 milla,Vehiculo familiar (solo con ninos de la familia),Vehiculo familiar (solo con ninos de la familia),Mas de 20 minutos,11 to 20 minutos,No,No me sentiria comodo/a en ningun grado,,,,,Velocidad del trafico en la ruta,,,,,,Violencia o crimen,,,,,,Velocidad del trafico en la ruta,,,,,,Violencia o crimen,,Put cameras all around neighborhood areas. Improve and reinforce the law as well as the condition of the roads and sidewalks.
6971695656,175219463,1/2/19 20:45,1/2/19 20:46,147.21.8.1,,,,,5,,No se,Caminando,Caminando,11 to 20 minutos,11 to 20 minutos,No,No me sentiria comodo/a en ningun grado,Distancia,,Tiempo,,Velocidad del trafico en la ruta,Cantidad de trafico en la ruta,Ninos acompanados por adultos,Aceras o caminos,Seguridad de las intersecciones y cruces,Guardias de cruce peatonal,,,,,,,Velocidad del trafico en la ruta,Cantidad de trafico en la ruta,,,Seguridad de las intersecciones y cruces,Guardias de cruce peatonal,Violencia o crimen,,
6971695633,175219499,1/2/19 20:44,1/2/19 20:45,173.164.210.33,,,,,4,,2+ millas,Vehiculo familiar (solo con ninos de la familia),Vehiculo familiar (solo con ninos de la familia),Mas de 20 minutos,Mas de 20 minutos,Yes,No me sentiria comodo/a en ningun grado,Distancia,,Tiempo,,Velocidad del trafico en la ruta,Cantidad de trafico en la ruta,,,Seguridad de las intersecciones y cruces,Guardias de cruce peatonal,Violencia o crimen,,Distancia,,Tiempo,,Velocidad del trafico en la ruta,Cantidad de trafico en la ruta,,,Seguridad de las intersecciones y cruces,Guardias de cruce peatonal,Violencia o crimen,,
6971695556,175219463,1/2/19 20:43,1/2/19 20:45,147.21.8.1,,,,,5,Cesar Chavez Ave and McDonnell,Menos de 1/4 de milla,,Carpool (auto compartido con ninos de otras familias),Menos de 5 minutos,5 to 10 minutos,No,9th,,,,,Velocidad del trafico en la ruta,Cantidad de trafico en la ruta,,,Seguridad de las intersecciones y cruces,,Violencia o crimen,,,,,,Velocidad del trafico en la ruta,Cantidad de trafico en la ruta,Ninos acompanados por adultos,Aceras o caminos,Seguridad de las intersecciones y cruces,Guardias de cruce peatonal,Violencia o crimen,,
6971695521,175219499,1/2/19 20:42,1/2/19 20:44,173.164.210.33,,,,,3,Alma and 1st,1/2-1 milla,Caminando,Caminando,5 to 10 minutos,5 to 10 minutos,Yes,8,,,,,,,,,,,,,,,,,,,,,,,,,Mas lineas para peatones al rededor de toda la escuela
6971695406,175219463,1/2/19 20:42,1/2/19 20:43,147.21.8.1,,,,,5,Eastern and Floral,2+ millas,Vehiculo familiar (solo con ninos de la familia),Vehiculo familiar (solo con ninos de la familia),5 to 10 minutos,5 to 10 minutos,No,No me sentiria comodo/a en ningun grado,,,,,,,,,,,,,,,,,,,Ninos acompanados por adultos,,Seguridad de las intersecciones y cruces,Guardias de cruce peatonal,Violencia o crimen,,Bike paths
6971695300,175219463,1/2/19 20:41,1/2/19 20:42,147.21.8.1,,,,,5,Ford and Cesar Chavez,Menos de 1/4 de milla,Caminando,Caminando,Menos de 5 minutos,Menos de 5 minutos,No,No me sentiria comodo/a en ningun grado,,,,,,Cantidad de trafico en la ruta,,,,,,,,,,,,Cantidad de trafico en la ruta,,,,,,,Making bike lanes.
6971695238,175219499,1/2/19 20:40,1/2/19 20:41,173.164.210.33,,,,,5,1st and Michigan,Menos de 1/4 de milla,Caminando,Caminando,11 to 20 minutos,11 to 20 minutos,Yes,9,,,,,Velocidad del trafico en la ruta,Cantidad de trafico en la ruta,Ninos acompanados por adultos,Aceras o caminos,Seguridad de las intersecciones y cruces,Guardias de cruce peatonal,,,,,,,,,,,,,,,
6971695229,175219463,1/2/19 20:40,1/2/19 20:41,147.21.8.1,,,,,5,Ford St and 1st St,Menos de 1/4 de milla,Caminando,Caminando,5 to 10 minutos,5 to 10 minutos,No,10th,,,,,Velocidad del trafico en la ruta,Cantidad de trafico en la ruta,,,Seguridad de las intersecciones y cruces,Guardias de cruce peatonal,Violencia o crimen,,,,,,Velocidad del trafico en la ruta,Cantidad de trafico en la ruta,,,Seguridad de las intersecciones y cruces,Guardias de cruce peatonal,Violencia o crimen,,Speed bump on the main street or lights to let drivers that people are crossing the street. 
6971695103,175219499,1/2/19 20:37,1/2/19 20:40,173.164.210.33,,,,,4,1st and Lorena,1/2-1 milla,Vehiculo familiar (solo con ninos de la familia),Vehiculo familiar (solo con ninos de la familia),5 to 10 minutos,5 to 10 minutos,Yes,6,,,,,Velocidad del trafico en la ruta,,,,Seguridad de las intersecciones y cruces,Guardias de cruce peatonal,Violencia o crimen,,,,,,Velocidad del trafico en la ruta,,,,Seguridad de las intersecciones y cruces,,Violencia o crimen,,
6971695096,175219463,1/2/19 20:39,1/2/19 20:40,147.21.8.1,,,,,5,Folsom and Gage,1-2 milla,Vehiculo familiar (solo con ninos de la familia),Vehiculo familiar (solo con ninos de la familia),5 to 10 minutos,,No,No me sentiria comodo/a en ningun grado,,,,,,,,,,,,,,,,,,,,,,,,,
6971694975,175219463,1/2/19 20:38,1/2/19 20:39,147.21.8.1,,,,,5,Cesar Chavez and Humphreys Ave,1/2-1 milla,Vehiculo familiar (solo con ninos de la familia),Vehiculo familiar (solo con ninos de la familia),Menos de 5 minutos,Menos de 5 minutos,No,8th,,,,,Velocidad del trafico en la ruta,Cantidad de trafico en la ruta,,Aceras o caminos,Seguridad de las intersecciones y cruces,,Violencia o crimen,,,,,,Velocidad del trafico en la ruta,Cantidad de trafico en la ruta,,Aceras o caminos,Seguridad de las intersecciones y cruces,,Violencia o crimen,,
6971694867,175219463,1/2/19 20:36,1/2/19 20:38,147.21.8.1,,,,,5,Cesar Chavez and Eastern,1/2-1 milla,Vehiculo familiar (solo con ninos de la familia),Vehiculo familiar (solo con ninos de la familia),5 to 10 minutos,11 to 20 minutos,No,7th,,,,,Velocidad del trafico en la ruta,,,,Seguridad de las intersecciones y cruces,Guardias de cruce peatonal,,,,,,,Velocidad del trafico en la ruta,,,Aceras o caminos,Seguridad de las intersecciones y cruces,,,,More crossing guards. 
6971694755,175219499,1/2/19 20:34,1/2/19 20:36,173.164.210.33,,,,,5 and ETK,1st and Michigan,1/2-1 milla,Caminando,Caminando,11 to 20 minutos,Mas de 20 minutos,No,No me sentiria comodo/a en ningun grado,Distancia,,Tiempo,Actividades antes/despues de la escuela,Velocidad del trafico en la ruta,Cantidad de trafico en la ruta,Ninos acompanados por adultos,Aceras o caminos,Seguridad de las intersecciones y cruces,Guardias de cruce peatonal,Violencia o crimen,Clima,,,,,,,,,,,,,
6971694697,175219463,1/2/19 20:35,1/2/19 20:36,147.21.8.1,,,,,5,McDonald and Cesar Chavez,1/4-1/2 milla,Vehiculo familiar (solo con ninos de la familia),Vehiculo familiar (solo con ninos de la familia),Menos de 5 minutos,Menos de 5 minutos,No,7th or 8th,,,,,,,,,,,Violencia o crimen,,,,,,,,,,,,Violencia o crimen,,
6971694474,175219499,1/2/19 20:31,1/2/19 20:33,173.164.210.33,,,,,3 and 4,Eastman and Olympic,2+ millas,Caminando,,11 to 20 minutos,,Yes,No me sentiria comodo/a en ningun grado,Distancia,,,,,,Ninos acompanados por adultos,Aceras o caminos,,,,,,,,,,,,,,,,,
6971694105,175219463,1/2/19 20:29,1/2/19 20:30,147.21.8.1,,,,,5,Floral and Eastern,1/2-1 milla,Vehiculo familiar (solo con ninos de la familia),Vehiculo familiar (solo con ninos de la familia),Menos de 5 minutos,Menos de 5 minutos,No,No me sentiria comodo/a en ningun grado,,,,,,,,,,,Violencia o crimen,Clima,,,,,,,,,,,Violencia o crimen,Clima,
6971694007,175219463,1/2/19 20:28,1/2/19 20:29,147.21.8.1,,,,,5,Arizona and Cesar Chavez,1/4-1/2 milla,Vehiculo familiar (solo con ninos de la familia),Caminando,5 to 10 minutos,11 to 20 minutos,No,8th,,,,,Velocidad del trafico en la ruta,Cantidad de trafico en la ruta,,,Seguridad de las intersecciones y cruces,,Violencia o crimen,Clima,,,,,Velocidad del trafico en la ruta,,,,Seguridad de las intersecciones y cruces,,Violencia o crimen,,
6971693876,175219463,1/2/19 20:27,1/2/19 20:28,147.21.8.1,,,,,5,Nogales Ave and Northam,2+ millas,Vehiculo familiar (solo con ninos de la familia),Vehiculo familiar (solo con ninos de la familia),Mas de 20 minutos,Mas de 20 minutos,No,No me sentiria comodo/a en ningun grado,Distancia,,,,,,,,,,,,Distancia,,,,,,,,,,,,
6971693681,175219463,1/2/19 20:26,1/2/19 20:26,147.21.8.1,,,,,5,,1-2 milla,Autobus escolar,Autobus escolar,Mas de 20 minutos,Mas de 20 minutos,No,No me sentiria comodo/a en ningun grado,,,,,,,,,,,,,,,,,,,,,,,,,
6971693610,175219463,1/2/19 20:24,1/2/19 20:25,147.21.8.1,,,,,5,3rd St and Ford Blvd,1/4-1/2 milla,Vehiculo familiar (solo con ninos de la familia),Vehiculo familiar (solo con ninos de la familia),5 to 10 minutos,5 to 10 minutos,No,No me sentiria comodo/a en ningun grado,,,,,,,,,,,,,,,,,Velocidad del trafico en la ruta,Cantidad de trafico en la ruta,,Aceras o caminos,Seguridad de las intersecciones y cruces,,Violencia o crimen,,
6971693485,175219463,1/2/19 20:20,1/2/19 20:24,147.21.8.1,,,,,5,Cesar Chavey and Dozier,1-2 milla,Caminando,Caminando,Menos de 5 minutos,Menos de 5 minutos,No,No me sentiria comodo/a en ningun grado,,,,,,,,,,,,,,,,,,,,,,,,,Mi sugerencia es que hicieran algo para que los carros no furan tan rapido y tuvieran mas cuidado cuando los ninos estan cruzando la calle. Muchas gracias.
6971692947,175219463,1/2/19 20:18,1/2/19 20:20,147.21.8.1,,,,,4,Ditman and Lan Franco,1/4-1/2 milla,Caminando,Caminando,11 to 20 minutos,11 to 20 minutos,No,No me sentiria comodo/a en ningun grado,,,,,Velocidad del trafico en la ruta,Cantidad de trafico en la ruta,,,Seguridad de las intersecciones y cruces,Guardias de cruce peatonal,Violencia o crimen,,,,,,Velocidad del trafico en la ruta,Cantidad de trafico en la ruta,,,Seguridad de las intersecciones y cruces,Guardias de cruce peatonal,Violencia o crimen,,"Poner mas vigilancia de policia, dar tickets, y tener ayuda para cruzar la calle de la Rowan y Lan Franco"
6971692668,175219463,1/2/19 20:16,1/2/19 20:17,147.21.8.1,,,,,,Rowan,,,,,,No,No me sentiria comodo/a en ningun grado,,,,,,,,,,,,,,,,,,,,,Seguridad de las intersecciones y cruces,Guardias de cruce peatonal,,,A promover a que las personas en carro paren en el stop por que a vece no dan paso al peaton y no les importa si el peaton va a cruzar. 
6971692418,175219463,1/2/19 20:14,1/2/19 20:15,147.21.8.1,,,,,T-K,6th and Eastman,Menos de 1/4 de milla,Caminando,Caminando,Menos de 5 minutos,Menos de 5 minutos,No,6,,,,,,,,,,,,,,,,,,,,,,,,,Poner topes; asi el conductor se ve obligado a reducir la velocidad.
6971692261,175219463,1/2/19 20:12,1/2/19 20:16,147.21.8.1,,,,,1,Rowan and 5th,1/4-1/2 milla,Caminando,Caminando,5 to 10 minutos,5 to 10 minutos,No,1 y T,,,,,Velocidad del trafico en la ruta,,Ninos acompanados por adultos,,,Guardias de cruce peatonal,,,,,,,,,,,,,,,Mas vigilancia de sheriff y en la manana y en la tarde.
6971692068,175219463,1/2/19 20:11,1/2/19 20:12,147.21.8.1,,,,,4,Indiana and Rowan,1/2-1 milla,Caminando,Caminando,11 to 20 minutos,11 to 20 minutos,No,No me sentiria comodo/a en ningun grado,,,,,Velocidad del trafico en la ruta,Cantidad de trafico en la ruta,,,Seguridad de las intersecciones y cruces,,Violencia o crimen,,,,,,,,,,,,,,
6971691849,175219463,1/2/19 20:07,1/2/19 20:11,147.21.8.1,,,,,,Rowan,,,,,,No,No me sentiria comodo/a en ningun grado,,,,,,,,,,,,,,,,,Velocidad del trafico en la ruta,Cantidad de trafico en la ruta,Ninos acompanados por adultos,,Seguridad de las intersecciones y cruces,Guardias de cruce peatonal,,,"Poner mas vigilancia policial a la hora de entrada y salida de las escuela para que se respete el trafico (no doble parking, no estacionarse en rojo. "
6971691432,175219463,1/2/19 20:04,1/2/19 20:06,147.21.8.1,,,,,2,Rowan and Eagle,1/4-1/2 milla,Caminando,Caminando,11 to 20 minutos,11 to 20 minutos,No,No me sentiria comodo/a en ningun grado,Distancia,,,,,Cantidad de trafico en la ruta,,,,,,Clima,,,,,Velocidad del trafico en la ruta,Cantidad de trafico en la ruta,,,Seguridad de las intersecciones y cruces,,,Clima,Need more security. I walk every day with my little girl who is 7 years old. 
6952129473,173300332,10/23/18 16:10,10/23/18 16:18,137.25.32.121,,,,,4,1st and Ditman,Menos de 1/4 de milla,Vehiculo familiar (solo con ninos de la familia),Vehiculo familiar (solo con ninos de la familia),5 to 10 minutos,5 to 10 minutos,,,,,,,,,,,,,,,,,,,,,,,,,,,
6952127584,173300332,10/23/18 16:08,10/23/18 16:10,137.25.32.121,,,,,5,Velazco St & 2nd St,1/4-1/2 milla,Vehiculo familiar (solo con ninos de la familia),Caminando,Menos de 5 minutos,11 to 20 minutos,No,7,,,,,,,,,,,,,Distancia,,,,,,Ninos acompanados por adultos,,,,Violencia o crimen,,
6931032414,173300332,8/21/18 14:50,8/21/18 14:51,142.129.227.79,,,,,4,,,Caminando,Caminando,5 to 10 minutos,5 to 10 minutos,Yes,No me sentiria comodo/a en ningun grado,,,,,,,Ninos acompanados por adultos,Aceras o caminos,,,,,,,,,,,Ninos acompanados por adultos,,,,,,La prescencia de policias mas frecuentemente para que los automovilistas respeten el paso de peatones y ciclistas en los cruces.
6931031678,173300332,8/21/18 14:47,8/21/18 14:49,142.129.227.79,,,,,4,Floral y Humphreys,1/2-1 milla,Vehiculo familiar (solo con ninos de la familia),Vehiculo familiar (solo con ninos de la familia),5 to 10 minutos,5 to 10 minutos,No,8,,,,,,,,,,,,,,,,,Velocidad del trafico en la ruta,,,,,,,,Que hagan un caril para las baicas y caminar en la calles principales
6931030924,173300332,8/21/18 14:46,8/21/18 14:47,142.129.227.79,,,,,4,Cesar Chavez y Dangler,Menos de 1/4 de milla,Caminando,Caminando,5 to 10 minutos,5 to 10 minutos,No,7,,,,,Velocidad del trafico en la ruta,,,,,,,,,,,,Velocidad del trafico en la ruta,,,,,,,,
6931030595,173300332,8/21/18 14:45,8/21/18 14:46,142.129.227.79,,,,,4,Cesar Chavez y Floral,1/2-1 milla,Vehiculo familiar (solo con ninos de la familia),Vehiculo familiar (solo con ninos de la familia),5 to 10 minutos,5 to 10 minutos,No,No me sentiria comodo/a en ningun grado,,,,,,,,,,,,,,,,,Velocidad del trafico en la ruta,Cantidad de trafico en la ruta,,,Seguridad de las intersecciones y cruces,,Violencia o crimen,,
6931030058,173300332,8/21/18 14:43,8/21/18 14:44,142.129.227.79,,,,,4,Eastern y Flora,1/2-1 milla,Vehiculo familiar (solo con ninos de la familia),Vehiculo familiar (solo con ninos de la familia),5 to 10 minutos,5 to 10 minutos,No,No me sentiria comodo/a en ningun grado,,,,,,,,,,,,,,,,,,,,,,,,,
6931029747,173300332,8/21/18 14:42,8/21/18 14:43,142.129.227.79,,,,,4,3rd St y McDonnell,1/2-1 milla,Vehiculo familiar (solo con ninos de la familia),Vehiculo familiar (solo con ninos de la familia),Menos de 5 minutos,Menos de 5 minutos,No,8,,,,,Velocidad del trafico en la ruta,Cantidad de trafico en la ruta,,Aceras o caminos,Seguridad de las intersecciones y cruces,Guardias de cruce peatonal,Violencia o crimen,Clima,,,,,,,,,,,,,
6931029370,173300332,8/21/18 14:41,8/21/18 14:42,142.129.227.79,,,,,4,Chavez y Mednick,Menos de 1/4 de milla,,Vehiculo familiar (solo con ninos de la familia),Menos de 5 minutos,,No,No me sentiria comodo/a en ningun grado,,,,,,,,,,,,,,,,,,,,,,,,,No
6931029034,173300332,8/21/18 14:39,8/21/18 14:41,142.129.227.79,,,,,4,Cesar Chavez Ave y N. Arizona Ave,Menos de 1/4 de milla,Caminando,Vehiculo familiar (solo con ninos de la familia),5 to 10 minutos,5 to 10 minutos,No,No me sentiria comodo/a en ningun grado,,,,,,,,,Seguridad de las intersecciones y cruces,Guardias de cruce peatonal,Violencia o crimen,Clima,,,,,,,,,,,,,
6931028391,173300332,8/21/18 14:35,8/21/18 14:39,142.129.227.79,,,,,4,Floral Dr. y Ford Blvd,Menos de 1/4 de milla,Caminando,Caminando,11 to 20 minutos,11 to 20 minutos,Yes,6,,,,,,,,,,,,,,,,,Velocidad del trafico en la ruta,Cantidad de trafico en la ruta,,Aceras o caminos,Seguridad de las intersecciones y cruces,Guardias de cruce peatonal,Violencia o crimen,,"I might consider letting my child walk to/from school/home if there were crossing guards available on all streets. Also, if there were patrol cars watching over the children."
6931027237,173300332,8/21/18 14:33,8/21/18 14:35,142.129.227.79,,,,,4,,No se,Caminando,Caminando,11 to 20 minutos,11 to 20 minutos,Yes,No me sentiria comodo/a en ningun grado,,,,,Velocidad del trafico en la ruta,Cantidad de trafico en la ruta,,,Seguridad de las intersecciones y cruces,Guardias de cruce peatonal,Violencia o crimen,Clima,,,,,,,,,,,,,Que ayga mas seguridad cuando cruzan las cayes que asignaran donde puedan ir en bicicleta mas seguridad para nuestros hijos
6931026395,173300332,8/21/18 14:29,8/21/18 14:33,142.129.227.79,,,,,5,Cesar Chavez y Hammel,Menos de 1/4 de milla,Caminando,Caminando,5 to 10 minutos,5 to 10 minutos,No,5,,,,Actividades antes/despues de la escuela,,,,Aceras o caminos,Seguridad de las intersecciones y cruces,,,Clima,,,,,,,,,,,,,Poner mas vigilancia policial para que no haya exceso de velocidad y los ni–os esten mas seguros. Gracias
6825087968,173300332,4/13/18 10:05,4/13/18 10:06,74.62.204.86,,,,,6,Mariana Ave.y Hazard,1/2-1 milla,Vehiculo familiar (solo con ninos de la familia),Vehiculo familiar (solo con ninos de la familia),5 to 10 minutos,5 to 10 minutos,No,No me sentiria comodo/a en ningun grado,,,,,,,,,,,,,,,,,,,,,,,,,
6825083629,173300332,4/13/18 10:01,4/13/18 10:04,74.62.204.86,,,,,3,Michigan y la primera ,1/4-1/2 milla,Caminando,Caminando,11 to 20 minutos,11 to 20 minutos,No,8,,,,,,,,Aceras o caminos,,,,,,,,,,,,Aceras o caminos,Seguridad de las intersecciones y cruces,Guardias de cruce peatonal,,,"Tener los senalamiento mas marcados para que a uno de automovilista los mire mejor, y uno como persona pueda cruzar mejor u con mas seguridad. "
6825075562,173300332,4/13/18 10:00,4/13/18 10:01,74.62.204.86,,,,,3,Eastern Ave y 1st,1/2-1 milla,Vehiculo familiar (solo con ninos de la familia),Vehiculo familiar (solo con ninos de la familia),5 to 10 minutos,5 to 10 minutos,No,9,,,,,,,,,,,,,Distancia,,,,Velocidad del trafico en la ruta,,,Aceras o caminos,Seguridad de las intersecciones y cruces,,,Clima,
6825070748,173300332,4/13/18 9:58,4/13/18 10:00,74.62.204.86,,,,,3,1st y Easter ,1/4-1/2 milla,Vehiculo familiar (solo con ninos de la familia),Vehiculo familiar (solo con ninos de la familia),Menos de 5 minutos,Menos de 5 minutos,No,No me sentiria comodo/a en ningun grado,,,,,Velocidad del trafico en la ruta,Cantidad de trafico en la ruta,,,,,Violencia o crimen,Clima,,,,,,,,,Seguridad de las intersecciones y cruces,,,,Mas seguridad er los peatones en las horas de escuela
6825065141,173300332,4/13/18 9:56,4/13/18 9:57,74.62.204.86,,,,,6,Sunol y Record ,1/4-1/2 milla,Vehiculo familiar (solo con ninos de la familia),Caminando,5 to 10 minutos,5 to 10 minutos,No,No me sentiria comodo/a en ningun grado,,,,,,,,,,,,,,,,,,,,,,,,,Me gustaria que hubiera mas vigilancia por policias en la hora de entrada y en la hora de la salida de las escuelas.
6825059381,173300332,4/13/18 9:52,4/13/18 9:55,74.62.204.86,,,,,6,3rd St. y Downey Rd.,Menos de 1/4 de milla,Vehiculo familiar (solo con ninos de la familia),Vehiculo familiar (solo con ninos de la familia),11 to 20 minutos,11 to 20 minutos,No,No me sentiria comodo/a en ningun grado,,,,,Velocidad del trafico en la ruta,Cantidad de trafico en la ruta,,Aceras o caminos,Seguridad de las intersecciones y cruces,,,,,,,,Velocidad del trafico en la ruta,Cantidad de trafico en la ruta,,Aceras o caminos,Seguridad de las intersecciones y cruces,,,,Los aceras de la interseccion de la calle 3rd  y Downey so moy pequenas y los carros se suben a la acera ademas en tren quen ai pasa tarda demasiado en pasar
6825048930,173300332,4/13/18 9:49,4/13/18 9:51,74.62.204.86,,,,,6,2nd y Gleason ,Menos de 1/4 de milla,Caminando,,,5 to 10 minutos,Yes,,,,,,Velocidad del trafico en la ruta,,,,Seguridad de las intersecciones y cruces,,Violencia o crimen,Clima,,,,,,,,,,,,,Que se respete estrictamente la velocidad en zonas escolares
6825043299,173300332,4/13/18 9:47,4/13/18 9:49,74.62.204.86,,,,,6,Sunol Dr. y 1st St.,1-2 milla,Vehiculo familiar (solo con ninos de la familia),Vehiculo familiar (solo con ninos de la familia),5 to 10 minutos,11 to 20 minutos,No,6,,,,,,,,Aceras o caminos,Seguridad de las intersecciones y cruces,Guardias de cruce peatonal,Violencia o crimen,,,,,,,,,,,,,,Que haya man seguridad en cada cruce porque hay mucho joven y ninos que los usan para ir a las escuelas.
6825038255,173300332,4/13/18 9:46,4/13/18 9:47,74.62.204.86,,,,,6,,Menos de 1/4 de milla,Vehiculo familiar (solo con ninos de la familia),Vehiculo familiar (solo con ninos de la familia),Menos de 5 minutos,,Yes,6,,,,,,,Ninos acompanados por adultos,,,,,,,,,,,,Ninos acompanados por adultos,,,,,,
6825035507,173300332,4/13/18 9:43,4/13/18 9:46,74.62.204.86,,,,,6,Marianna y 1st,1/4-1/2 milla,Caminando,Caminando,5 to 10 minutos,5 to 10 minutos,Yes,No me sentiria comodo/a en ningun grado,,,,,Velocidad del trafico en la ruta,Cantidad de trafico en la ruta,,,Seguridad de las intersecciones y cruces,Guardias de cruce peatonal,,Clima,,,,,,,,,,,,,Pues yo creo que lo mejor para esta situacion es de que aiga un semaforo y que aunque hay personal de trafico verdaderamente hay carros que no quieren parar para que podemos cruzar
6825027060,173300332,4/13/18 9:41,4/13/18 9:43,74.62.204.86,,,,,4,Marianna y Eugene,Menos de 1/4 de milla,Vehiculo familiar (solo con ninos de la familia),Caminando,Menos de 5 minutos,5 to 10 minutos,No,8,,,,,,Cantidad de trafico en la ruta,,,,,,,,,,,,,,,Seguridad de las intersecciones y cruces,,,,Poner mas personas en las intercciones.
6825022279,173300332,4/13/18 9:37,4/13/18 9:41,74.62.204.86,,,,,5,ceasar chavez y 1st ,1/2-1 milla,Caminando,Caminando,5 to 10 minutos,5 to 10 minutos,Yes,high school,,,,,Velocidad del trafico en la ruta,,,,Seguridad de las intersecciones y cruces,Guardias de cruce peatonal,Violencia o crimen,,,,,,Velocidad del trafico en la ruta,,,,Seguridad de las intersecciones y cruces,Guardias de cruce peatonal,Violencia o crimen,,"Mi sugerimiento seria que hubiera mas vigilancia el rededor da las escuelas.     There should be more police patrolling school areas and security inside the school for secure purposes. Our children and schools are ""sacred"" and should be treated like a ""Government Building"""
6825012145,173300332,4/13/18 9:34,4/13/18 9:37,74.62.204.86,,,,,5,capistrano y mariana,Menos de 1/4 de milla,Vehiculo familiar (solo con ninos de la familia),Vehiculo familiar (solo con ninos de la familia),5 to 10 minutos,5 to 10 minutos,No,No me sentiria comodo/a en ningun grado,,,,,,,,,,,,,,,,,,,,,,,,,Que bayan los siclistas al lado de la banqueta y que tengan sus loces como cenal de que vonar
6825006449,173300332,4/13/18 9:33,4/13/18 9:34,74.62.204.86,,,,,3,El Cruze de 2 cayes,No se,Caminando,Caminando,5 to 10 minutos,5 to 10 minutos,No,No me sentiria comodo/a en ningun grado,,,,,,,,,Seguridad de las intersecciones y cruces,Guardias de cruce peatonal,Violencia o crimen,,,,,,,,,,,,,,
6825003314,173300332,4/13/18 9:30,4/13/18 9:33,74.62.204.86,,,,,3,1st y Sunol,1/2-1 milla,Vehiculo familiar (solo con ninos de la familia),Caminando,Menos de 5 minutos,11 to 20 minutos,No,9,,,,,Velocidad del trafico en la ruta,,,,Seguridad de las intersecciones y cruces,,Violencia o crimen,,,,,,Velocidad del trafico en la ruta,,,,Seguridad de las intersecciones y cruces,,Violencia o crimen,,Que haya mas seguridad (policias) en nuestra area porque asi se respetaria mas al peaton en los cruces y al mismo tiempo estarian seguros en la comunidad.
6824995703,173300332,4/13/18 9:29,4/13/18 9:30,74.62.204.86,,,,,3,ceasar chavez y record,1-2 milla,Vehiculo familiar (solo con ninos de la familia),Vehiculo familiar (solo con ninos de la familia),5 to 10 minutos,5 to 10 minutos,Yes,7,Distancia,,,,Velocidad del trafico en la ruta,,Ninos acompanados por adultos,,Seguridad de las intersecciones y cruces,Guardias de cruce peatonal,,Clima,Distancia,,,,Velocidad del trafico en la ruta,Cantidad de trafico en la ruta,,Aceras o caminos,Seguridad de las intersecciones y cruces,Guardias de cruce peatonal,Violencia o crimen,Clima,No
6824992040,173300332,4/13/18 9:28,4/13/18 9:29,74.62.204.86,,,,,3,Eastern Ave y E. 1st,1/4-1/2 milla,Vehiculo familiar (solo con ninos de la familia),Vehiculo familiar (solo con ninos de la familia),5 to 10 minutos,5 to 10 minutos,Yes,No me sentiria comodo/a en ningun grado,,,,,,,,,,,,,,,,,,,,,,,,,no
6824989462,173300332,4/13/18 9:27,4/13/18 9:28,74.62.204.86,,,,,,,,,,,,No,No me sentiria comodo/a en ningun grado,,,,,,,,,,,,,,,,,,,,,,,,,
6824987112,173300332,4/13/18 9:25,4/13/18 9:27,74.62.204.86,,,,,3,Eastern Ave y E. 1st,1/4-1/2 milla,Vehiculo familiar (solo con ninos de la familia),Vehiculo familiar (solo con ninos de la familia),,No se/No estoy seguro/a,Yes,No me sentiria comodo/a en ningun grado,,,,,,,,,,,,,,,,,Velocidad del trafico en la ruta,Cantidad de trafico en la ruta,Ninos acompanados por adultos,,Seguridad de las intersecciones y cruces,Guardias de cruce peatonal,Violencia o crimen,,Mas seguridad de la policia a la hora de entrada y de salida
6824982031,173300332,4/13/18 9:23,4/13/18 9:25,74.62.204.86,,,,,6,eastern ave. y E 1st st.,1/4-1/2 milla,Vehiculo familiar (solo con ninos de la familia),Vehiculo familiar (solo con ninos de la familia),5 to 10 minutos,No se/No estoy seguro/a,No,No me sentiria comodo/a en ningun grado,,,,,,,,,,,,,,,,,Velocidad del trafico en la ruta,Cantidad de trafico en la ruta,Ninos acompanados por adultos,,Seguridad de las intersecciones y cruces,Guardias de cruce peatonal,Violencia o crimen,,Mas seguridad de la policia a la hora de entrada y la salida
6824976737,173300332,4/13/18 9:22,4/13/18 9:23,74.62.204.86,,,,,6,,Menos de 1/4 de milla,Caminando,Caminando,Menos de 5 minutos,Menos de 5 minutos,No,No me sentiria comodo/a en ningun grado,,,,,,,,,,,,,,,,,,,Ninos acompanados por adultos,,,,,,
6824973947,173300332,4/13/18 9:20,4/13/18 9:22,74.62.204.86,,,,,4,,Menos de 1/4 de milla,Caminando,Caminando,5 to 10 minutos,5 to 10 minutos,No,No me sentiria comodo/a en ningun grado,,,,,Velocidad del trafico en la ruta,Cantidad de trafico en la ruta,,,,,,,,,,,,,,,,,,,Que todos los que manejan salgan con suficiente tiempo a traer los ninos ala escuela y no provocar accidentes
6824968408,173300332,4/13/18 9:18,4/13/18 9:20,74.62.204.86,,,,,6,Marianna,,Caminando,Caminando,5 to 10 minutos,5 to 10 minutos,No,,,,,,,,,,,,,,,,,,,,Ninos acompanados por adultos,Aceras o caminos,Seguridad de las intersecciones y cruces,Guardias de cruce peatonal,,,Que hubiera mas patrullas en las calles donde hay escuelas y parques.
6824963913,173300332,4/13/18 9:17,4/13/18 9:18,74.62.204.86,,,,,5,ceasar chavez y primera,1-2 milla,Vehiculo familiar (solo con ninos de la familia),Vehiculo familiar (solo con ninos de la familia),11 to 20 minutos,11 to 20 minutos,No,No me sentiria comodo/a en ningun grado,,,,,,,,,,,,,Distancia,,,,,,,,,,,,no
6824961142,173300332,4/13/18 9:16,4/13/18 9:17,74.62.204.86,,,,,6,,Menos de 1/4 de milla,Caminando,Caminando,5 to 10 minutos,5 to 10 minutos,No,No me sentiria comodo/a en ningun grado,,,,,,,Ninos acompanados por adultos,,,,,,,,,,,,Ninos acompanados por adultos,,,,,,Si me gustara que fuera mas amigable y mas seguro